,idx,PPL,SLOR,Simple Vocab Score
0,0,22.934465408325195,3.843106015653134,76.47058823529412
1,1,2.8899312019348145,4.020232732680189,8.51063829787234
2,2,18.18724250793457,4.665303480298321,76.55502392344498
3,3,32.76872253417969,4.37821775942765,64.51612903225806
4,4,25.984066009521484,4.4965937701318754,85.03184713375796
5,5,45.75080108642578,3.7127252880038717,72.0
6,6,23.937854766845703,4.5650983611985705,67.10526315789474
7,7,16.257295608520508,4.978478764677518,71.1340206185567
8,8,14.304708480834961,4.665713151497819,80.95238095238095
9,9,37.66964340209961,3.668445705073893,76.69902912621359
10,10,17.34427833557129,5.0485527434804975,68.94409937888199
11,11,13.428911209106445,3.9017220672670403,0.0
12,12,16.704307556152344,5.224421496824246,69.61538461538461
13,13,27.6884765625,5.203478526399686,36.856368563685635
14,14,32.80885314941406,4.139396583980341,78.99159663865547
15,15,16.20760726928711,5.016384963820584,75.18248175182481
16,16,22.96092414855957,5.045397549881949,60.50420168067227
17,17,24.611356735229492,4.280074137964286,71.60493827160494
18,18,12.282126426696777,5.039085096558232,79.182156133829
19,19,31.060686111450195,4.203816408603395,68.16816816816817
20,20,46.4423713684082,4.119956281250172,61.53846153846154
21,21,21.404083251953125,4.960995774551025,72.95081967213115
22,22,62.685203552246094,3.392914508587327,67.10526315789474
23,23,15.08842658996582,5.016739198172638,71.54471544715447
24,24,10.348921775817871,3.9685757053775688,55.72519083969466
25,25,25.066650390625,4.757963657472768,65.1063829787234
26,26,20.057518005371094,4.589600075196087,74.70355731225297
27,27,12.61462688446045,5.188520979293555,69.33333333333334
28,28,15.866455078125,4.458860530963216,79.83651226158038
29,29,39.597293853759766,3.903648509977592,72.07207207207207
30,30,35.59530258178711,4.150717114416953,77.63975155279503
31,31,26.957754135131836,4.721421577093936,62.31884057971014
32,32,14.009543418884277,4.962838367549116,63.33333333333333
33,33,6.773085117340088,4.937573044570571,44.642857142857146
34,34,26.1328182220459,4.765086020924475,69.6969696969697
35,35,21.625234603881836,4.362026343605105,77.60000000000001
36,36,25.134323120117188,5.2514456668901435,57.407407407407405
37,37,28.615644454956055,4.259787130576263,70.5
38,38,11.93476676940918,4.776663083198678,74.04129793510324
39,39,35.04228591918945,3.8151477393148436,64.9171270718232
40,40,19.981393814086914,3.9758672695573978,76.27118644067797
41,41,43.42308807373047,3.787595434110214,79.45205479452055
42,42,15.396573066711426,4.699124215347321,69.83606557377048
43,43,28.22185516357422,4.249102584373774,72.01166180758017
44,44,16.944639205932617,4.840041725999265,65.45454545454545
45,45,10.373323440551758,4.9374457629752975,73.1629392971246
46,46,15.427258491516113,4.897570891900297,70.0
47,47,29.329090118408203,4.431782053963739,59.89847715736041
48,48,43.808143615722656,4.254944438543525,68.85245901639344
49,49,14.473189353942871,4.965708578861525,70.35398230088495
50,50,18.593719482421875,4.908791158034771,76.39344262295083
51,51,10.32315731048584,3.142622850076742,62.04379562043796
52,52,30.163558959960938,4.15287498366514,73.21428571428571
53,53,26.38270378112793,5.027094151136989,23.964497041420117
54,54,19.009029388427734,4.664116178693887,64.15770609318996
55,55,21.150279998779297,4.5787210321942675,44.680851063829785
56,56,11.686444282531738,5.109812763963098,69.53405017921148
57,57,15.179298400878906,4.871713660049796,24.031007751937985
58,58,32.80110168457031,4.386774066653257,75.64102564102564
59,59,21.659517288208008,4.235414096464791,83.90501319261213
60,60,20.349639892578125,4.724837441834863,73.78048780487805
61,61,5.351030349731445,4.6885814006619695,30.573248407643312
62,62,18.301166534423828,4.4955806071907825,67.28395061728395
63,63,27.817352294921875,4.298467844752895,66.3157894736842
64,64,29.56494903564453,4.8792395532623205,21.597633136094675
65,65,8.998974800109863,4.839485428250078,67.4931129476584
66,66,65.71614837646484,3.5891388734886576,63.30275229357798
67,67,52.088714599609375,3.9827047059631115,65.06849315068493
68,68,14.006020545959473,4.845565303215344,45.14767932489451
69,69,39.98049545288086,3.7237585954129226,72.22222222222221
70,70,62.12307357788086,3.651286613439896,40.909090909090914
71,71,21.278234481811523,4.465549695788474,65.13761467889908
72,72,14.48025131225586,4.804867202634363,73.90029325513197
73,73,38.21609115600586,4.057599924555374,56.875
74,74,41.01852798461914,4.218397639157907,64.47368421052632
75,75,22.362350463867188,4.5544032306005775,80.7843137254902
76,76,11.216841697692871,5.61264732175847,51.85185185185185
77,77,35.09971237182617,4.422841681778037,63.96396396396396
78,78,27.327369689941406,3.6144455915012315,62.454873646209386
79,79,28.361854553222656,3.6831173139592646,59.55882352941176
80,80,14.432587623596191,4.449008554553066,38.8663967611336
81,81,23.350820541381836,4.4749549599125,71.37254901960785
82,82,193.89990234375,2.7223324573878145,65.38461538461539
83,83,31.657787322998047,4.067173898839204,71.30434782608695
84,84,36.58301544189453,4.441666475329912,65.05190311418684
85,85,28.866283416748047,4.3986350007394295,65.84615384615384
86,86,13.91944408416748,5.49591680665439,17.0
87,87,79.00243377685547,3.6851885445553085,76.47058823529412
88,88,24.136497497558594,4.190083642417274,60.67796610169491
89,89,225.9126434326172,2.3622335279542614,14.285714285714285
90,90,30.75252914428711,3.8911147886643076,75.83333333333333
91,91,26.22417449951172,3.9921556033650236,79.14285714285715
92,92,29.496379852294922,4.5294850608674855,63.46153846153846
93,93,18.956308364868164,4.697265023087787,65.85365853658537
94,94,16.02622413635254,5.059129113033474,69.59706959706959
95,95,10.166967391967773,5.274360394436701,74.75728155339806
96,96,10.338271141052246,5.208521754866865,55.87301587301587
97,97,21.029342651367188,4.254900819256473,78.51002865329512
98,98,15.388113975524902,4.232570249482427,29.268292682926827
99,99,13.849103927612305,4.880035004657631,66.66666666666666
100,100,7.049757957458496,7.842757149299476,75.33039647577093
101,101,11.640026092529297,8.132379149718757,31.20805369127517
102,102,24.029338836669922,7.42091087676105,65.51724137931035
103,103,36.60657501220703,6.069663210626325,68.8212927756654
104,104,12.917014122009277,6.963582687678822,74.85549132947978
105,105,2.562760829925537,9.973155161455594,0.0
106,106,22.85430335998535,4.877315312795666,82.19895287958116
107,107,12.702760696411133,8.139368507818713,57.89473684210527
108,108,7.931731224060059,6.96276702095698,6.870229007633588
109,109,16.787364959716797,5.937447533519974,51.256281407035175
110,110,40.98183822631836,6.070858796007652,80.19801980198021
111,111,28.68659782409668,7.837931971751149,64.66666666666666
112,112,21.684741973876953,6.20479453829322,63.03630363036304
113,113,28.702838897705078,5.115347999668746,74.12587412587412
114,114,20.262224197387695,6.8033083030004855,68.60068259385666
115,115,24.87795066833496,6.039252283359638,71.82539682539682
116,116,1035.852783203125,4.906465334747291,0.0
117,117,14.349117279052734,10.807549271728913,1.929260450160772
118,118,14.275591850280762,7.699260930042471,73.5632183908046
119,119,49.749149322509766,5.847034411282996,58.42696629213483
120,120,31.35032844543457,6.46783360194043,67.64705882352942
121,121,44.069190979003906,5.673850849384386,55.20504731861199
122,122,26.53902816772461,6.953494648682836,21.428571428571427
123,123,19.282018661499023,6.16358441658647,68.562874251497
124,124,16.309566497802734,6.085940402469729,85.71428571428571
125,125,25.27935028076172,6.917502610781638,72.36180904522614
126,126,39.82648468017578,5.03392321724857,66.66666666666666
127,127,23.504154205322266,6.370582739735267,53.648068669527895
128,128,13.127132415771484,6.617265522963347,70.93023255813954
129,129,6.600711822509766,5.665386381253428,10.625
130,130,28.386844635009766,6.806690412103425,78.15126050420169
131,131,14.243906021118164,6.823239671624117,82.84313725490196
132,132,27.000104904174805,6.444604821791505,69.19831223628692
133,133,39.568687438964844,6.7827994712502555,78.68852459016394
134,134,54.81855773925781,5.913282715576325,78.39195979899498
135,135,3.807664394378662,4.089223272872886,54.72636815920397
136,136,14.721220970153809,6.690722105748308,74.67948717948718
137,137,14.633761405944824,5.971690959707631,69.12442396313364
138,138,16.260040283203125,6.200387632197669,54.6875
139,139,47.78844451904297,6.692354686106674,67.57575757575758
140,140,7.809604644775391,8.838078733283462,45.94594594594595
141,141,18.46673583984375,6.987699912115293,58.490566037735846
142,142,69.22327423095703,4.780407690225974,72.3076923076923
143,143,17.620283126831055,5.828032619239425,78.19314641744548
144,144,11.294411659240723,8.190351974905873,53.333333333333336
145,145,42.094276428222656,6.581381937746472,49.056603773584904
146,146,99.83953857421875,4.90004195971358,66.66666666666666
147,147,20.554691314697266,7.179555901058223,57.0945945945946
148,148,9.999549865722656,6.1620851932353995,34.355828220858896
149,149,16.92668342590332,5.318953723518839,57.14285714285714
150,150,27.147462844848633,7.207141480580091,55.00000000000001
151,151,14.903740882873535,7.320378753041081,67.2782874617737
152,152,8.838200569152832,7.403394241130199,67.80185758513932
153,153,11.035799980163574,7.234933964466288,73.41389728096676
154,154,266.22161865234375,4.304219472164888,67.85714285714286
155,155,3.512014865875244,6.127623729120118,0.0
156,156,28.933427810668945,6.931388123003256,51.14006514657981
157,157,13.9381103515625,5.36959916699094,50.23923444976076
158,158,28.23793601989746,7.790026659324554,29.260450160771708
159,159,17.78710174560547,7.282864927333995,65.88235294117646
160,160,13.106574058532715,7.288325435993656,46.666666666666664
161,161,15.630247116088867,6.043626811900539,74.76635514018692
162,162,20.705524444580078,10.212898620020793,69.56521739130434
163,163,21.489044189453125,7.841554216519327,55.172413793103445
164,164,18.790605545043945,7.095416887951128,67.13780918727915
165,165,67.546630859375,5.264037962683981,70.91412742382272
166,166,13.519564628601074,7.977613902846699,0.0
167,167,10.89957332611084,4.348339383538757,61.6
168,168,15.109834671020508,7.5370549147228365,56.19834710743802
169,169,5.936642169952393,7.354564287953035,72.39999999999999
170,170,22.841157913208008,5.980975918611812,69.6165191740413
171,171,52.80778503417969,5.678308614747164,60.824742268041234
172,172,11.947321891784668,5.359557944256954,65.09695290858726
173,173,38.35316467285156,6.251708628509169,75.56270096463022
174,174,24.850366592407227,6.529155452510438,75.14792899408283
175,175,23.249887466430664,6.058116541382768,71.42857142857143
176,176,55.30644226074219,5.988970331562623,84.0909090909091
177,177,40.5128173828125,4.634342573532199,63.63636363636363
178,178,83.36859130859375,6.299786184575544,77.11864406779661
179,179,34.53487777709961,5.838650036563835,82.14285714285714
180,180,16.913721084594727,7.127557391686448,53.93258426966292
181,181,97.3663558959961,5.632202996489923,67.64705882352942
182,182,3.607189178466797,8.789459672766258,89.23076923076924
183,183,5.803046703338623,7.816734743690231,43.22916666666667
184,184,13.389195442199707,5.559425731914821,47.3170731707317
185,185,35.41718292236328,6.04102079244452,76.8361581920904
186,186,39.40248489379883,6.510883116929394,50.54151624548736
187,187,27.888334274291992,6.322807880277689,63.888888888888886
188,188,29.87215805053711,7.082821335096998,72.2560975609756
189,189,35.24342346191406,5.705973764440294,72.54901960784314
190,190,24.057477951049805,6.505617441357555,58.78378378378378
191,191,35.447628021240234,6.129093701999701,71.7948717948718
192,192,31.704694747924805,4.990378337553511,79.23728813559322
193,193,29.583515167236328,5.531536506361895,74.50980392156863
194,194,23.050994873046875,7.034546967609164,55.00000000000001
195,195,30.205839157104492,6.068935655498728,70.87378640776699
196,196,61.707237243652344,7.895638547942563,70.37037037037037
197,197,5.351016998291016,7.6852700023786005,61.772853185595565
198,198,16.175582885742188,6.21202938983912,67.93103448275862
199,199,10.402724266052246,7.300045714171565,66.66666666666666
200,200,24.29832649230957,6.505481273441847,57.30337078651685
201,201,4.178044319152832,15.1107995965213,0.0
202,202,15.109870910644531,6.227439993441645,70.08797653958945
203,203,57.31022644042969,6.327374218193453,39.52569169960474
204,204,28.05436897277832,6.109829553057514,75.50200803212851
205,205,20.778640747070312,5.789881127798334,9.333333333333334
206,206,13.953801155090332,5.47236860877325,34.22818791946309
207,207,14.83354663848877,8.556752652199018,69.87951807228916
208,208,12.403112411499023,6.087622021680178,78.96440129449837
209,209,24.605770111083984,5.628910984964986,64.11483253588517
210,210,31.920455932617188,7.291433686995707,55.769230769230774
211,211,49.886051177978516,7.620910202073747,57.199999999999996
212,212,8.270456314086914,5.567233156517727,19.718309859154928
213,213,18.448749542236328,7.116534270314671,72.07792207792207
214,214,18.650514602661133,6.948297686756461,65.94202898550725
215,215,253.86685180664062,6.838974198320688,83.33333333333334
216,216,32.56190490722656,5.497228141899318,73.27044025157232
217,217,27.49361801147461,4.9446101449835345,79.75077881619937
218,218,44.45416259765625,5.01243039072292,79.50819672131148
219,219,29.051685333251953,6.239571453629167,69.1358024691358
220,220,10.775227546691895,7.326755278565997,72.14765100671141
221,221,45.00687026977539,5.992139457630129,69.52380952380952
222,222,42.03521728515625,6.257713966010399,70.87378640776699
223,223,61.835689544677734,5.7627940771350215,73.37883959044369
224,224,10.92992115020752,7.070929832837831,73.41040462427746
225,225,7.946330547332764,4.851150517265348,71.37096774193549
226,226,7.780640125274658,6.284442075732587,20.496894409937887
227,227,25.781160354614258,6.440015702036608,71.77914110429448
228,228,26.008150100708008,8.2849501762456,51.06382978723404
229,229,30.590145111083984,6.267691614486053,67.87003610108303
230,230,32.529563903808594,5.066082283263476,79.41176470588235
231,231,16.062393188476562,7.738938354286377,66.02564102564102
232,232,20.865217208862305,6.641405261390501,76.01156069364163
233,233,22.564186096191406,4.598344731269271,77.81155015197568
234,234,16.59866714477539,8.0853588665588,12.345679012345679
235,235,36.09822082519531,4.501017765524024,73.86666666666667
236,236,17.466209411621094,4.904646646046161,78.65168539325843
237,237,24.978099822998047,7.10832968868279,67.56756756756756
238,238,30.89179039001465,6.723787574874911,47.97507788161994
239,239,6.72077751159668,8.590794346639852,37.59398496240601
240,240,23.790327072143555,6.519993789095977,82.52148997134671
241,241,25.21312141418457,6.861066682032491,71.7557251908397
242,242,43.95866775512695,5.606589063545668,69.71830985915493
243,243,8.060718536376953,8.224674521717098,52.36907730673317
244,244,33.88111877441406,6.717464499368879,62.89752650176679
245,245,26.44649314880371,6.612105838261283,62.913907284768214
246,246,21.530778884887695,6.486529269643591,70.06578947368422
247,247,14.779616355895996,16.992679482788894,0.0
248,248,12.289783477783203,7.181070374579473,70.96774193548387
249,249,25.20915412902832,7.535981395156548,73.68421052631578
250,250,21.4102840423584,6.29713846551601,75.67567567567568
251,251,23.562299728393555,6.710868061727506,54.340836012861736
252,252,21.423606872558594,6.805317073235352,56.12244897959183
253,253,15.029831886291504,6.743581632876871,65.27331189710611
254,254,32.6918830871582,6.339670932875617,64.64646464646465
255,255,24.866695404052734,9.031559152002256,12.658227848101266
256,256,40.592350006103516,6.6428629384491895,74.2603550295858
257,257,34.723358154296875,5.0824320228052455,73.74631268436578
258,258,17.145877838134766,7.686073121766773,23.62204724409449
259,259,21.97928810119629,7.508557289985802,61.69154228855721
260,260,24.110754013061523,5.9714253051727155,73.46938775510205
261,261,41.31224822998047,7.20081378211116,70.51282051282051
262,262,10.22543716430664,7.943918614615468,24.615384615384617
263,263,15.844030380249023,6.881935081040617,64.92890995260665
264,264,12.993247032165527,7.885403534342232,74.02985074626865
265,265,47.586429595947266,6.904130517035907,65.69343065693431
266,266,32.73762893676758,5.98962468681387,68.32298136645963
267,267,59.16868209838867,5.331109022622078,79.03225806451613
268,268,7.25949239730835,7.090428196323772,61.702127659574465
269,269,24.31327247619629,7.267553721698162,69.47040498442367
270,270,17.054738998413086,7.363578873333585,71.42857142857143
271,271,11.413660049438477,7.049390611188616,58.43137254901961
272,272,40.014339447021484,5.386674053102823,75.64102564102564
273,273,33.11725997924805,6.696648576026477,63.537906137184116
274,274,50.23663330078125,6.253689384205046,73.992673992674
275,275,12.360042572021484,6.494379256775458,74.16413373860182
276,276,8.99415111541748,6.567623608439574,17.123287671232877
277,277,24.527935028076172,6.330508901765767,47.55244755244755
278,278,49.24723434448242,6.119917478847111,75.92592592592592
279,279,22.027786254882812,5.388519487704398,78.98089171974523
280,280,25.36771011352539,7.011396522526121,67.61133603238866
281,281,37.960235595703125,5.788041391363436,76.72413793103449
282,282,17.421138763427734,6.929147459855685,58.935361216730044
283,283,21.6252498626709,8.10876702025203,59.67741935483871
284,284,3.61480712890625,7.588347554438882,84.5528455284553
285,285,20.264074325561523,6.539064096458124,72.3342939481268
286,286,18.553932189941406,6.293020428227698,61.990950226244344
287,287,51.901824951171875,5.043054445772206,67.21311475409836
288,288,20.863780975341797,7.149716344331636,65.8119658119658
289,289,28.549283981323242,6.495303908497652,72.42798353909465
290,290,38.60546112060547,4.911900807127804,67.14285714285714
291,291,13.573877334594727,9.103681805074007,39.1044776119403
292,292,6.269016265869141,6.183856843346969,75.44642857142857
293,293,10.013394355773926,8.852470024533224,57.62081784386617
294,294,12.588014602661133,5.946703586147061,44.04332129963899
295,295,48.42109298706055,6.11944391778135,59.06040268456376
296,296,27.69097137451172,6.875474824035669,59.03083700440529
297,297,13.91823959350586,6.7790597949214755,80.31496062992126
298,298,36.02597427368164,6.499815501487478,78.10650887573965
299,299,23.69938087463379,5.944724532175575,74.10358565737052
300,300,9.48034381866455,4.849496429574351,60.18099547511312
301,301,44.693702697753906,7.244644394970821,56.730769230769226
302,302,14.420586585998535,8.711548411792046,70.86092715231787
303,303,29.368106842041016,6.200755680276164,74.8792270531401
304,304,23.734909057617188,6.535854699618478,74.10714285714286
305,305,23.765422821044922,5.5072578541385555,63.898916967509024
306,306,15.796351432800293,5.4554937292335035,81.0126582278481
307,307,25.585983276367188,7.516844476044885,83.52941176470588
308,308,32.70271301269531,5.836199909874672,78.125
309,309,38.522804260253906,4.283191916247365,68.13725490196079
310,310,26.495361328125,6.271700173895217,54.83870967741935
311,311,10.112993240356445,7.196060205676921,68.96551724137932
312,312,24.549898147583008,6.184989532067304,51.13636363636363
313,313,23.462913513183594,6.238166671589584,72.8395061728395
314,314,32.02381134033203,5.620271465265803,60.231660231660236
315,315,29.711994171142578,8.648900764089404,70.73863636363636
316,316,34.596622467041016,5.263447140715133,70.05988023952095
317,317,26.124845504760742,6.232289594258758,71.47651006711409
318,318,17.231609344482422,7.748215456271971,59.72222222222222
319,319,32.556549072265625,5.724272697786927,65.03496503496503
320,320,21.448326110839844,6.447174187698148,68.92307692307692
321,321,15.124345779418945,6.228458778819323,80.88235294117648
322,322,29.662765502929688,6.485804670652922,56.02605863192183
323,323,24.747175216674805,6.269596101585276,65.15151515151516
324,324,82.23136901855469,3.4129209609855957,55.00000000000001
325,325,14.266817092895508,7.1467923563812965,81.06995884773663
326,326,16.08819007873535,4.496091488554388,52.38095238095239
327,327,21.713573455810547,8.677409904493258,23.214285714285715
328,328,21.96428871154785,5.355863195064962,73.37883959044369
329,329,9.496749877929688,7.03603656745985,68.84057971014492
330,330,5.584652900695801,6.37942597702443,13.298791018998275
331,331,15.221834182739258,7.157134179187759,61.07784431137725
332,332,1.8586463928222656,7.625785614828097,0.0
333,333,19.493616104125977,6.358286912438013,76.64233576642336
334,334,19.833877563476562,5.604472262309232,57.26495726495726
335,335,30.471023559570312,6.895324267266311,62.732919254658384
336,336,79.74565887451172,4.214086193483392,68.11594202898551
337,337,93.81212615966797,5.094418243163167,81.14754098360656
338,338,26.206254959106445,6.673647894176188,66.36636636636636
339,339,35.56005859375,5.3573702050677126,82.2429906542056
340,340,19.28067970275879,6.630726524643384,66.88524590163935
341,341,39.47921371459961,5.370056356967782,78.87323943661971
342,342,7.2035112380981445,5.015916468506809,52.55474452554745
343,343,31.135303497314453,6.525736446834907,78.59154929577464
344,344,18.113801956176758,6.906334079229475,0.0
345,345,8.181707382202148,6.469529168656917,32.298136645962735
346,346,37.51765441894531,6.01619584144689,74.76635514018692
347,347,19.249286651611328,5.786808950982607,47.97297297297297
348,348,39.73353958129883,6.528485973345699,70.23809523809523
349,349,15.309085845947266,7.545305151316833,68.75
350,350,161.30104064941406,4.512597381717251,77.14285714285715
351,351,17.43597412109375,6.56696188698938,77.71260997067448
352,352,14.446647644042969,7.129691928802151,71.21212121212122
353,353,19.938796997070312,6.427242210387619,35.11904761904761
354,354,14.525970458984375,7.6063308966578775,43.87755102040816
355,355,16.0125789642334,7.804768751591749,62.19512195121951
356,356,31.032602310180664,5.3674343474415185,75.9375
357,357,9.811905860900879,5.074666072812192,52.84090909090909
358,358,13.89018726348877,7.622314290083966,69.07514450867052
359,359,13.736743927001953,8.567723525899313,29.354838709677416
360,360,17.76626968383789,7.501484488109352,71.33550488599349
361,361,16.98021125793457,5.670322241683755,79.41176470588235
362,362,23.61087989807129,5.5995064996619375,70.77922077922078
363,363,41.816078186035156,5.694879700863209,66.51583710407239
364,364,21.596782684326172,5.605149432149494,80.54474708171206
365,365,26.60887908935547,5.980597647430045,63.77952755905512
366,366,10.07681941986084,6.749818999476088,62.35294117647059
367,367,11.445919036865234,6.93221090172375,50.84033613445378
368,368,29.403881072998047,6.567562153576001,72.03647416413374
369,369,34.83491897583008,5.930822981006696,68.96551724137932
370,370,13.937954902648926,6.766890880329086,73.29376854599407
371,371,19.826738357543945,6.743341881533926,76.48809523809523
372,372,9.821040153503418,6.3211226485526755,80.85106382978722
373,373,8.117051124572754,7.985476015853507,49.80694980694981
374,374,11.664523124694824,8.43343394671619,47.808764940239044
375,375,31.27121353149414,6.0575241306788605,64.8936170212766
376,376,22.11213493347168,6.934595960673809,72.41379310344827
377,377,24.26920509338379,8.652680818654787,60.0
378,378,14.933483123779297,7.52315621808567,72.03647416413374
379,379,7.081943511962891,5.036479709644002,7.246376811594203
380,380,89.75828552246094,5.011985794934193,80.37383177570094
381,381,16.272916793823242,4.2229269720451414,69.31216931216932
382,382,22.662538528442383,5.862242934574111,69.51672862453532
383,383,35.84040069580078,4.984383200827918,69.87951807228916
384,384,9.455461502075195,8.781496818571132,67.08860759493672
385,385,19.46940803527832,5.632558204909828,58.718861209964416
386,386,21.614368438720703,7.467470762002373,73.54838709677419
387,387,25.519784927368164,5.818903227349314,73.18007662835248
388,388,8.219012260437012,8.308094007207387,11.904761904761903
389,389,3.9476921558380127,5.082235084620188,0.0
390,390,24.0126895904541,5.206827746141748,73.97260273972603
391,391,18.284570693969727,6.189382565939959,70.8108108108108
392,392,40.86394119262695,6.817314454427804,46.902654867256636
393,393,58.967041015625,6.2126106721230245,63.82252559726962
394,394,19.522010803222656,7.542450869672115,29.310344827586203
395,395,15.760406494140625,6.4460617545075145,71.30177514792899
396,396,14.522705078125,6.5681243395888975,57.509157509157504
397,397,48.03059005737305,5.85121489333581,57.30769230769231
398,398,40.99428939819336,6.756989195214723,70.58823529411765
399,399,7.9397687911987305,6.540747858789432,68.35443037974683
400,400,21.022850036621094,6.474346948316978,71.7948717948718
401,401,52.337974548339844,5.172025798314642,71.11111111111111
402,402,43.026893615722656,5.76434268210414,82.85714285714286
403,403,8.310419082641602,7.188066036867151,74.8502994011976
404,404,23.51131248474121,7.06854327344068,65.5844155844156
405,405,26.079837799072266,6.236191575144419,66.0493827160494
406,406,11.719904899597168,7.624701022788111,64.375
407,407,15.11192798614502,8.168712614371099,61.78343949044586
408,408,22.12759780883789,6.7335080608861695,64.64646464646465
409,409,14.482958793640137,6.36352662917748,85.07462686567165
410,410,11.946245193481445,7.917686697568889,69.19831223628692
411,411,16.324735641479492,6.743443075097148,74.08536585365853
412,412,15.519679069519043,7.840535109617796,59.82142857142857
413,413,47.536956787109375,4.886044099714014,67.81609195402298
414,414,20.256345748901367,5.511092229876515,46.24277456647399
415,415,19.656524658203125,6.81520641035667,71.11111111111111
416,416,11.729244232177734,7.9282582548395935,62.857142857142854
417,417,58.4515495300293,5.369121587555032,31.818181818181817
418,418,25.664093017578125,6.708550802626364,65.15580736543909
419,419,46.97294998168945,9.6650631736534,80.0
420,420,32.85309982299805,6.749499036638141,69.01408450704226
421,421,21.630544662475586,5.619469404056862,78.07807807807808
422,422,26.75863265991211,5.510052325953678,77.81155015197568
423,423,34.423465728759766,6.04016428261596,71.7948717948718
424,424,27.43079376220703,5.906898115770388,79.57957957957959
425,425,21.576215744018555,6.6407466168059255,67.97385620915033
426,426,21.915674209594727,7.143636360594624,52.83018867924528
427,427,42.68157196044922,5.5701759700478615,72.8
428,428,15.20625114440918,8.074011158601978,50.0
429,429,6.215946197509766,6.349251964026088,41.30434782608695
430,430,37.8061408996582,6.700906435060255,73.21428571428571
431,431,14.2704496383667,6.329140695542513,77.63157894736842
432,432,20.507463455200195,6.5059094129938915,68.06282722513089
433,433,37.46382141113281,6.660658157156352,73.80952380952381
434,434,16.200618743896484,6.603051780179528,65.16129032258064
435,435,8.137721061706543,6.665904981284637,33.75
436,436,22.9260311126709,5.494654084713221,79.71830985915493
437,437,32.02646255493164,6.716569068592774,69.76744186046511
438,438,12.5764741897583,5.957983090749111,63.387978142076506
439,439,14.7235689163208,7.001171872035886,60.36585365853659
440,440,9.591930389404297,8.083365174375876,67.44186046511628
441,441,22.928850173950195,6.7442156407381715,69.6078431372549
442,442,19.057140350341797,6.194330228400324,64.20118343195266
443,443,18.218637466430664,9.417736183158132,25.816023738872403
444,444,11.64466667175293,7.764274713402694,49.48453608247423
445,445,21.738313674926758,7.03370137527349,65.85365853658537
446,446,4.221919536590576,7.29752858823716,33.46456692913386
447,447,18.101306915283203,6.20014709621489,61.88925081433225
448,448,3.7657477855682373,3.5811351453762614,58.85167464114832
449,449,16.257768630981445,5.55357783799183,77.14285714285715
450,450,2.0640978813171387,8.922166392013013,96.72131147540983
451,451,11.935383796691895,7.482714751831986,56.25
452,452,102.46691131591797,6.542189279133028,46.2962962962963
453,453,12.783753395080566,6.414545791530865,68.04733727810651
454,454,21.11313819885254,5.452415348550875,45.16129032258064
455,455,15.970368385314941,7.779376826535779,64.1025641025641
456,456,16.813228607177734,7.968973280648275,74.29577464788733
457,457,51.90763854980469,2.881195502087843,52.17391304347826
458,458,10.429159164428711,5.648283670292553,50.49019607843137
459,459,23.008743286132812,6.826330944852967,74.08637873754152
460,460,55.88603210449219,6.027362634022891,65.65656565656566
461,461,20.461389541625977,6.803370780252622,65.4275092936803
462,462,14.350379943847656,5.988668598125664,73.45132743362832
463,463,13.192623138427734,6.161097840959094,74.12790697674419
464,464,18.949743270874023,7.111062902415606,62.03007518796993
465,465,18.192455291748047,6.74012516884244,18.103448275862068
466,466,35.006553649902344,5.568550684874383,72.05882352941177
467,467,28.140905380249023,7.31582111948037,62.857142857142854
468,468,21.128280639648438,6.492023427539644,67.20257234726688
469,469,21.003286361694336,5.4889532521392,70.58823529411765
470,470,23.227991104125977,7.05089887835194,57.03422053231939
471,471,62.236663818359375,5.169789827025503,74.04580152671755
472,472,13.117884635925293,8.481324273056126,66.80851063829788
473,473,9.007668495178223,6.797053476618586,74.05247813411079
474,474,17.99488639831543,6.794008242704603,78.2051282051282
475,475,25.26955223083496,4.782704952306665,84.72222222222221
476,476,47.86960220336914,6.711413107534565,75.68627450980392
477,477,32.091915130615234,6.0054781002810635,78.48837209302324
478,478,11.317679405212402,8.178381480210794,68.65671641791045
479,479,19.06902503967285,6.995560572922947,80.25078369905955
480,480,39.88772964477539,6.404288542230297,75.13812154696133
481,481,87.1234130859375,6.88287822369548,35.0
482,482,11.549750328063965,7.8431140154522865,45.38461538461539
483,483,15.058281898498535,6.363140099776606,74.8663101604278
484,484,14.967813491821289,5.815462892984953,64.65863453815261
485,485,20.358030319213867,6.347308045855742,62.19512195121951
486,486,16.36292266845703,6.230914948351306,65.45454545454545
487,487,27.083648681640625,5.0343623488709985,81.42857142857143
488,488,34.92321014404297,5.90224373296174,57.847533632286996
489,489,11.06860065460205,6.281280075344744,54.12844036697248
490,490,33.187076568603516,5.695729048323918,65.6140350877193
491,491,13.01165771484375,5.216504605097727,55.97826086956522
492,492,44.04449462890625,6.4729207751067666,76.81159420289855
493,493,29.01988983154297,8.137746223556594,77.04402515723271
494,494,20.83051872253418,5.146490513648068,63.46153846153846
495,495,21.165897369384766,7.423319394273345,61.29032258064516
496,496,28.33357048034668,6.467289871539748,37.735849056603776
497,497,27.00356101989746,6.573120905002922,80.83333333333333
498,498,12.282940864562988,6.7347209492486195,67.8688524590164
499,499,4.442701816558838,8.264372330190735,58.333333333333336
500,500,29.86420440673828,6.264555623690025,66.95652173913044
501,501,17.72478675842285,6.926164872259841,32.608695652173914
502,502,29.43345069885254,5.818035414748484,75.6923076923077
503,503,18.840394973754883,6.792577134281366,67.3913043478261
504,504,9.259084701538086,6.774965034372138,66.97247706422019
505,505,22.251922607421875,6.496634902359008,73.68421052631578
506,506,13.102527618408203,6.732364384392039,66.96428571428571
507,507,30.693233489990234,6.154392528098156,79.5031055900621
508,508,31.281429290771484,5.795062130329898,44.21052631578947
509,509,25.53095817565918,6.397896924434088,76.76767676767676
510,510,21.78180503845215,7.135381841598387,57.77777777777777
511,511,13.80770492553711,6.542623898442139,60.98901098901099
512,512,3.247230291366577,6.160058973806604,46.58634538152611
513,513,11.143153190612793,7.143642511840821,69.78851963746223
514,514,40.52250671386719,5.826658874972017,24.0
515,515,63.77484130859375,5.9431954888356335,59.70149253731343
516,516,6.339552402496338,7.3860025367498,4.487179487179487
517,517,28.232025146484375,6.437105245896118,54.52054794520548
518,518,34.11012268066406,7.245797265185539,56.80473372781065
519,519,30.49742889404297,7.880351590987193,82.15297450424929
520,520,15.678274154663086,7.811959729821852,65.47619047619048
521,521,44.02850341796875,7.275437873753422,80.3030303030303
522,522,10.774415016174316,6.891570688947179,60.81871345029239
523,523,20.012592315673828,6.737597830393245,73.49726775956285
524,524,13.382963180541992,7.682783554551946,67.44186046511628
525,525,33.67324447631836,6.211139848158,69.16299559471366
526,526,13.954330444335938,7.0757498402382355,60.2996254681648
527,527,26.84971046447754,6.764138362257901,14.285714285714285
528,528,16.72027015686035,6.217120125594714,18.536585365853657
529,529,20.560752868652344,5.858897396427857,67.52136752136752
530,530,44.542335510253906,5.734152190080644,86.36363636363636
531,531,40.42395782470703,6.987974596068131,72.72727272727273
532,532,24.82030487060547,6.067919359953152,64.28571428571429
533,533,15.402069091796875,7.042517956772507,82.68656716417911
534,534,21.539806365966797,5.039002351277235,78.76106194690266
535,535,43.767826080322266,5.147766264050468,75.28089887640449
536,536,34.88731384277344,6.752771155982912,65.39589442815249
537,537,16.88733673095703,6.814388393383481,70.40816326530613
538,538,17.0263614654541,6.1410457132360285,72.78911564625851
539,539,16.247100830078125,5.960028886015928,75.88235294117646
540,540,68.36322021484375,5.34004486016846,33.33333333333333
541,541,34.991310119628906,5.4204301209226315,72.24080267558529
542,542,21.328414916992188,7.3951607060363065,59.09090909090909
543,543,18.04484748840332,6.877969734778491,61.33333333333333
544,544,21.38002586364746,7.513450212032654,63.74999999999999
545,545,51.71074676513672,4.156071624130008,26.31578947368421
546,546,16.164405822753906,7.474562318171416,74.91039426523297
547,547,8.604789733886719,3.8735282329746057,56.118143459915615
548,548,25.974458694458008,7.004273415310649,66.32302405498281
549,549,4.099597454071045,6.651841225137615,36.231884057971016
550,550,26.455392837524414,4.808346103727948,68.59504132231406
551,551,36.522056579589844,5.283265939280402,75.14450867052022
552,552,26.356813430786133,7.5171582287037095,76.79738562091504
553,553,10.79067325592041,6.828498302483081,65.13761467889908
554,554,14.115140914916992,6.861464647140776,62.37288135593221
555,555,8.821645736694336,7.885419045692301,72.87234042553192
556,556,476.18243408203125,2.5668498545452874,12.5
557,557,2.1882214546203613,2.7788788181925823,25.0
558,558,42.79865646362305,5.153235367460765,76.8361581920904
559,559,40.52292251586914,8.208594925936456,64.17910447761194
560,560,16.39128875732422,6.138119446918373,72.40356083086054
561,561,38.54008483886719,6.378537470132565,67.58620689655173
562,562,24.502281188964844,7.344316103828195,71.09144542772862
563,563,14.892654418945312,8.015899405580502,63.888888888888886
564,564,22.730382919311523,6.462102871621149,22.06896551724138
565,565,20.035499572753906,5.407216966206334,76.48648648648648
566,566,42.54995346069336,5.097020064283622,66.84350132625994
567,567,19.111326217651367,6.976164629052676,70.85714285714285
568,568,15.346766471862793,6.131220339601643,81.48148148148148
569,569,2.9182016849517822,6.705785644335642,26.6
570,570,20.894329071044922,6.403666672369225,58.119658119658126
571,571,15.534783363342285,8.706704256395557,37.05882352941177
572,572,40.580970764160156,5.137215005040079,72.10144927536231
573,573,17.835975646972656,7.532191902251496,76.57657657657657
574,574,8.581629753112793,8.795149307917804,47.65957446808511
575,575,5.764078140258789,4.770852728603798,0.0
576,576,33.72469711303711,5.181846102764563,71.13702623906705
577,577,66.52456665039062,6.5064665860865265,51.89873417721519
578,578,24.92240333557129,6.896900523082021,74.15254237288136
579,579,37.78379440307617,6.59120200535433,58.333333333333336
580,580,105.92857360839844,3.9317121573897906,64.51612903225806
581,581,31.983386993408203,5.8607797109417135,74.13793103448276
582,582,22.459321975708008,5.751578638590666,66.92015209125475
583,583,119.74559020996094,6.061158614860514,63.888888888888886
584,584,12.914165496826172,6.822670209153247,65.98360655737704
585,585,31.20699691772461,5.8565792662397484,74.71910112359551
586,586,1048.3065185546875,3.1979184443026756,25.0
587,587,16.520524978637695,5.652787490723012,72.61904761904762
588,588,31.955345153808594,5.958418669709423,73.88059701492537
589,589,11.592973709106445,6.330080400488511,75.29069767441861
590,590,15.109374046325684,5.491046875537688,77.54569190600522
591,591,17.984390258789062,7.252149713331625,62.54545454545455
592,592,4.285789966583252,7.065008279374313,30.673316708229425
593,593,6.425555229187012,7.016321048402234,28.07017543859649
594,594,52.446624755859375,5.7824083558373705,74.85207100591717
595,595,18.088886260986328,5.699912239399462,65.84362139917695
596,596,20.832128524780273,6.619621895526707,67.1875
597,597,133.36659240722656,3.5572715318233725,40.0
598,598,13.652603149414062,6.4570512906850155,78.17109144542773
599,599,13.660776138305664,4.786505995109946,64.82412060301507
600,600,9.523039817810059,7.543169467636576,63.63636363636363
601,601,15.637202262878418,5.266873836339395,58.108108108108105
602,602,32.638038635253906,6.804401248785601,61.15702479338842
603,603,28.403762817382812,6.634339395202596,63.57142857142857
604,604,25.341384887695312,6.162547967458887,65.42372881355932
605,605,15.27244758605957,6.931894689653157,58.70445344129555
606,606,29.46074104309082,7.07731255388834,69.83606557377048
607,607,33.744998931884766,7.3946613574494595,63.56275303643725
608,608,23.553953170776367,6.030073569807604,76.0
609,609,35.1546630859375,7.34195470334987,56.95364238410596
610,610,31.922290802001953,6.638198472250647,57.291666666666664
611,611,17.092082977294922,7.179550102680685,62.18487394957983
612,612,9.229273796081543,6.474704125545378,77.57009345794393
613,613,28.007627487182617,6.714244461219716,73.58490566037736
614,614,15.465514183044434,5.608501716047122,74.24242424242425
615,615,44.99773025512695,5.4954375780159825,70.37037037037037
616,616,8.199225425720215,6.01918191081648,18.38235294117647
617,617,16.951467514038086,5.895586338786269,47.20496894409938
618,618,44.82548522949219,5.307457828111638,82.65582655826557
619,619,36.66917037963867,5.6123190114909285,73.27586206896551
620,620,22.995121002197266,6.168917707296986,58.490566037735846
621,621,38.40607833862305,5.600086563971421,67.91277258566979
622,622,23.53260612487793,6.910783481300656,70.09966777408638
623,623,6.13301420211792,5.243569451137707,55.45023696682464
624,624,19.97901725769043,6.247839201723911,69.56521739130434
625,625,21.126285552978516,5.642030012413005,49.62406015037594
626,626,20.914220809936523,7.661691124721841,22.115384615384613
627,627,38.224449157714844,5.668195746882895,79.27927927927928
628,628,28.535741806030273,6.705578415411239,62.913907284768214
629,629,8.77523136138916,6.872925825493801,16.831683168316832
630,630,47.91390609741211,6.358590752389167,73.97260273972603
631,631,27.66983413696289,4.918982938248031,72.36842105263158
632,632,60.0075569152832,4.804156694946347,69.93006993006993
633,633,17.2805233001709,5.89685014559419,77.77777777777779
634,634,34.69904327392578,5.851118314176804,58.46153846153847
635,635,29.225147247314453,5.793576636773982,83.03341902313625
636,636,23.280418395996094,5.948626440656834,71.91358024691358
637,637,13.928759574890137,7.273371595873999,69.0909090909091
638,638,7.938426971435547,5.767354349536066,48.201438848920866
639,639,37.69858932495117,6.259491218339806,74.60815047021944
640,640,14.957306861877441,6.156137180094783,70.62314540059347
641,641,16.82624053955078,6.052077156200946,72.89719626168224
642,642,14.40683364868164,4.642787116075273,15.384615384615385
643,643,13.374557495117188,7.052943282200344,22.745098039215687
644,644,7.021296501159668,6.6776649625242905,17.96116504854369
645,645,13.57303524017334,5.277156244339222,79.39393939393939
646,646,25.855558395385742,5.957602718448947,77.14285714285715
647,647,22.55661392211914,6.767841430586771,63.52459016393443
648,648,12.234651565551758,7.401697176768941,73.45454545454545
649,649,34.75238800048828,6.270282758808692,64.20454545454545
650,650,7.568485736846924,8.442017102050945,33.33333333333333
651,651,32.724727630615234,6.976356011337953,74.0
652,652,19.52410125732422,6.277345545314543,78.0281690140845
653,653,9.725564002990723,5.040573683871291,56.10687022900763
654,654,6.184519290924072,8.721539979952405,7.303370786516854
655,655,15.899873733520508,6.303836537316489,71.34831460674157
656,656,13.423722267150879,7.383660105871399,71.13702623906705
657,657,26.196746826171875,5.6548200580686165,75.96899224806202
658,658,16.09954071044922,7.0216910053520945,83.33333333333334
659,659,51.500450134277344,5.463990463493266,71.9047619047619
660,660,58.10834503173828,6.46906813285334,51.64835164835166
661,661,29.207189559936523,5.221039072861815,65.3061224489796
662,662,25.114404678344727,5.715304982981911,81.55619596541787
663,663,17.579544067382812,8.197820806163438,45.0
664,664,24.249540328979492,7.271033606026246,79.41176470588235
665,665,28.37928581237793,5.431353666663019,49.122807017543856
666,666,32.78382873535156,5.060386243418486,76.66666666666667
667,667,39.50582504272461,6.524405593617291,63.34661354581673
668,668,115.44988250732422,5.541416003279119,4.0
669,669,33.05754470825195,5.952604147878368,78.22878228782287
670,670,43.509178161621094,5.867950357420986,66.21621621621621
671,671,51.55424499511719,5.559909487345461,58.18815331010453
672,672,26.385578155517578,5.363436776683531,53.73134328358209
673,673,35.83904266357422,5.531200437072232,69.36936936936937
674,674,20.978593826293945,7.291769969419981,69.16167664670658
675,675,3.2234935760498047,5.2426609337852295,0.0
676,676,23.859554290771484,6.554205663959723,66.66666666666666
677,677,12.811946868896484,8.471635929073509,64.7457627118644
678,678,22.108028411865234,5.040489512038498,84.08488063660478
679,679,32.45269012451172,6.550387184776434,67.20257234726688
680,680,30.57175064086914,5.236962215355405,69.32153392330383
681,681,7.4557037353515625,9.107510058709712,38.59649122807017
682,682,26.729238510131836,5.806700708711644,80.0
683,683,42.95756912231445,4.892779711700476,74.26470588235294
684,684,18.073040008544922,8.67216639393323,37.971014492753625
685,685,64.57936096191406,5.9231535953739325,70.54263565891473
686,686,10.376838684082031,7.591861550255646,71.02272727272727
687,687,26.01421546936035,5.35092348154602,80.80229226361033
688,688,23.313461303710938,4.623149682754593,81.59806295399515
689,689,15.435698509216309,8.1145885284883,62.643678160919535
690,690,16.66823387145996,6.986139072547665,79.41176470588235
691,691,19.100858688354492,7.704882313843896,60.4
692,692,7.431413650512695,6.680609446215116,61.72839506172839
693,693,7.306325912475586,7.256415328294996,31.51862464183381
694,694,18.190675735473633,7.917349872648701,59.50920245398773
695,695,28.65458106994629,6.498015933539715,67.72151898734177
696,696,16.490676879882812,7.571440900460311,62.758620689655174
697,697,12.391827583312988,6.6239745436708315,65.25096525096525
698,698,13.54199504852295,6.563805090212378,79.26829268292683
699,699,4.080584526062012,7.8652997429888,0.0
700,700,25.396116256713867,4.312181744183406,88.88888888888889
701,701,19.705427169799805,4.591452375337388,78.49462365591397
702,702,14.484395027160645,6.136765820658378,72.97297297297297
703,703,37.52669143676758,6.496404162147641,63.31360946745562
704,704,24.969478607177734,5.767200661561306,76.76767676767676
705,705,15.013349533081055,5.9770054360511375,73.73134328358208
706,706,20.051393508911133,6.14930899417674,62.34939759036144
707,707,68.96089172363281,6.300142341853262,46.835443037974684
708,708,87.70396423339844,4.808724062470603,68.96551724137932
709,709,28.49225425720215,5.508545280905223,22.58064516129032
710,710,12.430922508239746,5.985403215525967,79.21686746987952
711,711,15.685853004455566,6.305146439537752,72.67080745341616
712,712,20.12763023376465,6.31539532950719,71.96261682242991
713,713,24.584009170532227,6.910837352618345,38.144329896907216
714,714,17.991411209106445,7.458802457435592,61.53846153846154
715,715,14.671021461486816,6.4254971624659145,80.38147138964578
716,716,20.53704071044922,6.302452279122101,66.90140845070422
717,717,21.915172576904297,6.877261689855189,62.5
718,718,13.484987258911133,5.878062240901685,75.78616352201259
719,719,6.870933532714844,4.606226469556049,64.75409836065575
720,720,33.217742919921875,5.578868486901473,54.6583850931677
721,721,17.108705520629883,6.322971866314871,70.78189300411523
722,722,26.311946868896484,5.642498750247635,62.38532110091744
723,723,9.209274291992188,7.2718679471603895,71.51702786377709
724,724,15.457002639770508,7.097928053451118,74.11003236245955
725,725,19.859817504882812,6.4373044854415316,77.51479289940828
726,726,15.331392288208008,6.775365556442178,69.81132075471697
727,727,9.894318580627441,7.185537080989105,55.223880597014926
728,728,8.39543342590332,7.117325777894341,75.08771929824562
729,729,24.431156158447266,6.390345189933677,68.02721088435374
730,730,159.66481018066406,6.212672672175003,7.142857142857142
731,731,23.594554901123047,7.038667998756672,66.66666666666666
732,732,33.59337615966797,6.127027643707032,80.9651474530831
733,733,310.55242919921875,9.192524219446748,50.0
734,734,41.583621978759766,6.08931543189684,26.515151515151516
735,735,18.702774047851562,6.912891365823008,65.85365853658537
736,736,41.81332778930664,6.501178748601685,57.36842105263158
737,737,51.91267776489258,5.184655772938238,75.53956834532374
738,738,21.62210464477539,6.881729084530915,61.72106824925816
739,739,6.742936134338379,8.236135970173763,0.0
740,740,55.921993255615234,4.8197117082495335,70.83333333333334
741,741,135.88519287109375,6.412674721411587,55.55555555555556
742,742,24.66478157043457,6.7873732269957285,65.38461538461539
743,743,28.480979919433594,6.970813328749023,58.29787234042553
744,744,12.187731742858887,7.203576749630272,55.73770491803278
745,745,15.134210586547852,6.818659948490673,74.68354430379746
746,746,9.28972339630127,5.867265257087738,14.17910447761194
747,747,23.979724884033203,6.839934582479731,68.77076411960132
748,748,27.064960479736328,6.242435689551706,68.58006042296071
749,749,28.60072898864746,6.551777328297388,72.31638418079096
750,750,15.053421974182129,7.888248392178799,53.333333333333336
751,751,27.700664520263672,6.550827539949372,63.5
752,752,15.069059371948242,5.821450628151614,63.1578947368421
753,753,16.34133529663086,7.954827621037384,58.44155844155844
754,754,21.583187103271484,6.995787444471559,66.77631578947368
755,755,30.07564926147461,5.9480004105296915,76.47058823529412
756,756,15.35627555847168,6.5218842436333215,72.55520504731862
757,757,131.4414520263672,5.243387894321243,73.91304347826086
758,758,16.930110931396484,7.21576832617101,55.11363636363637
759,759,25.24885368347168,6.518954283030987,66.33663366336634
760,760,13.25360107421875,6.83033385924606,58.84057971014492
761,761,10.82422161102295,7.416790119049748,32.8125
762,762,17.30815315246582,5.561201260043581,72.46835443037975
763,763,35.74604415893555,6.249264773259471,68.26347305389223
764,764,21.760787963867188,6.582693552100422,69.64285714285714
765,765,24.776836395263672,5.987188193108582,67.41573033707866
766,766,17.33622932434082,6.35010134403917,45.982142857142854
767,767,71.37227630615234,5.969979167506534,62.295081967213115
768,768,25.433963775634766,5.373017142897592,61.20996441281139
769,769,19.06011962890625,6.203926474742105,73.62204724409449
770,770,15.40662670135498,6.568928963217909,76.85950413223141
771,771,25.89593505859375,6.991491337812936,73.98119122257053
772,772,38.98699951171875,5.111883843690881,72.47386759581882
773,773,39.79988098144531,5.97716842295393,65.80882352941177
774,774,22.253536224365234,6.6781504849057125,67.27272727272727
775,775,13.991368293762207,7.916665923061677,61.224489795918366
776,776,14.454716682434082,6.60718313325566,66.77419354838709
777,777,11.513596534729004,7.802861033968625,72.5609756097561
778,778,22.774187088012695,5.870267973434478,61.29032258064516
779,779,17.54403305053711,6.2102626992591725,74.92163009404389
780,780,28.830427169799805,6.1156166459888315,65.11627906976744
781,781,16.16620635986328,7.6231676488999796,36.88212927756654
782,782,43.869590759277344,5.233717706805558,69.16167664670658
783,783,35.897647857666016,5.050700734963732,78.64768683274022
784,784,32.20244216918945,5.857308203194937,28.57142857142857
785,785,8.483570098876953,7.680410804466259,64.02640264026402
786,786,20.689149856567383,8.077023327024516,62.42424242424243
787,787,18.335800170898438,8.240699814167451,55.714285714285715
788,788,33.05732345581055,8.16784112434682,42.813455657492355
789,789,16.626867294311523,6.522645821702482,65.64625850340136
790,790,15.917089462280273,5.815166107563481,73.07692307692307
791,791,138.0082244873047,4.793654884657752,74.85380116959064
792,792,22.061004638671875,7.1383772547267395,65.83850931677019
793,793,20.348514556884766,6.684680966766969,60.60606060606061
794,794,35.44309997558594,7.325527425007433,60.0
795,795,19.838876724243164,6.2813275410060525,40.98360655737705
796,796,4.357393264770508,6.987304254369172,45.410628019323674
797,797,24.632266998291016,6.7436856981866535,77.31092436974791
798,798,150.13424682617188,4.626030516279363,68.8622754491018
799,799,13.256536483764648,7.995066221603211,68.51851851851852
800,800,9.866020202636719,6.879135355254325,35.8974358974359
801,801,22.37457847595215,7.474673175416307,74.0
802,802,13.479671478271484,6.760026710035934,66.66666666666666
803,803,37.85934066772461,6.183381261767946,75.73529411764706
804,804,23.612180709838867,6.427350626892609,73.50157728706624
805,805,26.383716583251953,5.9173232323425635,76.30662020905923
806,806,9.487564086914062,6.683714574406119,71.89542483660131
807,807,18.100318908691406,7.039990507662525,71.91011235955057
808,808,29.016948699951172,6.153668674790237,64.11290322580645
809,809,14.22613525390625,7.813787114209591,63.7065637065637
810,810,34.524620056152344,5.500919796036872,83.78378378378379
811,811,1.765559434890747,10.927734692188727,88.28125
812,812,10.46269702911377,8.662506900589825,89.74358974358975
813,813,18.68513298034668,6.2356956321633845,73.92739273927393
814,814,19.053691864013672,6.308257981791434,75.81699346405229
815,815,14.27152156829834,7.056318575540689,61.64383561643836
816,816,20.531309127807617,6.659938676393769,70.73170731707317
817,817,19.917938232421875,5.817450836922825,72.29551451187335
818,818,24.625600814819336,6.384411331916212,69.45337620578779
819,819,40.45985412597656,5.6955046300535015,10.344827586206897
820,820,21.017677307128906,6.203924168618184,69.82758620689656
821,821,18.97932243347168,6.996248030827979,68.22742474916387
822,822,542.5208129882812,6.144506854445889,28.57142857142857
823,823,20.320661544799805,7.409402674641517,66.2379421221865
824,824,11.722506523132324,6.033444658104388,43.47826086956522
825,825,36.489009857177734,7.449470001187422,74.68354430379746
826,826,23.980609893798828,6.546684420014043,71.875
827,827,31.87814712524414,5.403674976583612,78.2089552238806
828,828,11.285504341125488,7.030029629885425,52.916666666666664
829,829,32.318660736083984,6.351948376282895,63.52941176470588
830,830,19.839599609375,6.604960211283049,72.80966767371602
831,831,13.995295524597168,6.822293059736856,73.8562091503268
832,832,7.580576419830322,8.354907510346514,53.81165919282511
833,833,22.96620750427246,6.18840777299324,77.43055555555556
834,834,7.314420223236084,2.8231674325154428,10.714285714285714
835,835,11.09777545928955,6.815672039669461,51.0548523206751
836,836,17.718334197998047,5.974439467293676,73.86759581881533
837,837,17.100452423095703,6.828240410349678,62.37623762376238
838,838,25.962106704711914,5.372089269062254,71.42857142857143
839,839,30.423091888427734,4.898047649052783,78.44311377245509
840,840,20.568004608154297,6.622288381905632,60.24096385542169
841,841,14.26318073272705,6.836219192851486,59.68992248062015
842,842,12.934959411621094,7.333794463526009,71.34502923976608
843,843,9.460054397583008,7.759771221589972,52.38095238095239
844,844,16.718576431274414,7.9351390448018675,53.39366515837104
845,845,128.2024383544922,4.809977911368389,73.68421052631578
846,846,24.643903732299805,6.781786420909787,60.317460317460316
847,847,8.535408020019531,8.747176257656305,24.242424242424242
848,848,31.01567840576172,6.044687309429482,71.1864406779661
849,849,30.502714157104492,7.790027535506651,62.58741258741259
850,850,7.822619438171387,5.616254293426577,15.957446808510639
851,851,22.749170303344727,5.97465982240029,54.0268456375839
852,852,18.62039566040039,8.120896834123705,62.65060240963856
853,853,34.96321487426758,6.317668925964871,61.64383561643836
854,854,16.0086727142334,5.840668268039741,69.6774193548387
855,855,19.86605453491211,6.946459234803598,45.83333333333333
856,856,8.724857330322266,4.4247948745253005,45.0
857,857,20.777267456054688,6.614761299688325,73.58490566037736
858,858,5.2381391525268555,8.986065954306797,71.83098591549296
859,859,35.659706115722656,6.027165508697523,59.19117647058824
860,860,33.21738052368164,7.403502676689255,57.89473684210527
861,861,32.94792938232422,5.0074621929607455,52.68817204301075
862,862,15.819469451904297,6.385170605162735,76.48725212464589
863,863,5.546126842498779,4.851186546678893,26.595744680851062
864,864,35.11915969848633,8.887424065336717,70.9090909090909
865,865,26.021522521972656,5.967571917299345,81.5126050420168
866,866,21.388525009155273,5.131022639437858,74.12140575079871
867,867,17.7955379486084,7.46904389228662,63.42857142857142
868,868,14.901395797729492,5.960423029301067,45.56962025316456
869,869,23.642223358154297,7.285073653543457,59.55882352941176
870,870,31.83756446838379,6.165259092554571,68.79194630872483
871,871,22.380393981933594,6.413798178239057,74.32024169184291
872,872,19.56109619140625,4.107550426702311,29.901960784313726
873,873,7.80284309387207,8.465622742132062,66.98717948717949
874,874,10.063844680786133,7.62953333652984,46.2962962962963
875,875,19.828746795654297,6.200231036351998,68.93491124260355
876,876,26.953083038330078,7.5849375646469035,46.103896103896105
877,877,27.07925796508789,6.207112492039737,73.27327327327328
878,878,18.08793830871582,6.3890774193412945,64.33823529411765
879,879,18.032533645629883,7.3549752988164,74.07407407407408
880,880,24.287212371826172,6.451635994137988,72.27414330218068
881,881,23.122913360595703,5.47164875317941,49.6
882,882,18.88951873779297,6.3839145853527475,69.95515695067265
883,883,3.7082479000091553,4.544834530034487,30.3886925795053
884,884,13.835206985473633,4.381276838088732,59.62264150943396
885,885,14.829554557800293,7.064488951590254,83.69905956112854
886,886,15.43592643737793,5.522221175022324,75.0
887,887,12.354957580566406,5.656808124964741,61.72248803827751
888,888,84.80821990966797,6.156462291288066,55.35714285714286
889,889,46.97190856933594,5.549916988619855,71.11111111111111
890,890,35.844112396240234,6.257390817720344,58.333333333333336
891,891,15.663105010986328,7.646968210051592,65.5844155844156
892,892,16.903215408325195,6.813995452704563,66.56346749226006
893,893,31.881370544433594,5.483674921191816,74.38271604938271
894,894,42.267250061035156,5.427749686713135,84.61538461538461
895,895,10.713890075683594,6.790850453176661,54.983922829581985
896,896,48.612022399902344,4.895036271520851,68.01801801801803
897,897,31.395118713378906,5.455031921418911,78.63013698630137
898,898,29.91880226135254,5.9300412096271415,57.14285714285714
899,899,23.816490173339844,6.845008696937646,64.05693950177937
900,900,12.411324501037598,7.7698785048073935,57.14285714285714
901,901,53.98725891113281,6.764093805701676,62.12624584717608
902,902,28.729026794433594,5.940088649361485,62.0
903,903,22.34214210510254,6.596424233552234,53.46938775510204
904,904,14.423929214477539,5.939751184462467,45.42483660130719
905,905,21.965227127075195,6.120092740647045,62.33766233766234
906,906,28.263044357299805,7.7225541459638345,73.97260273972603
907,907,21.776756286621094,7.30434116597497,75.66137566137566
908,908,24.104516983032227,6.640229271179686,71.06598984771574
909,909,32.011173248291016,5.398995208906787,68.90459363957598
910,910,14.844206809997559,6.068029629141497,77.19298245614034
911,911,22.440406799316406,4.840202362557386,70.91503267973856
912,912,20.623748779296875,6.800701959711457,68.04979253112033
913,913,12.682307243347168,5.960002459746174,79.18781725888326
914,914,49.177879333496094,5.543143236284203,76.82926829268293
915,915,35.23753356933594,5.0765916409612295,73.38709677419355
916,916,17.463703155517578,6.910255172814546,66.96428571428571
917,917,25.4373722076416,6.148721964824074,61.95652173913043
918,918,13.325518608093262,7.556033726360175,67.0103092783505
919,919,24.84786033630371,6.5098641527770535,65.25974025974025
920,920,5.129146099090576,4.1968954373441605,61.76470588235294
921,921,17.473886489868164,5.157505959665897,28.888888888888886
922,922,33.40821075439453,5.487944480754235,72.92817679558011
923,923,31.510955810546875,5.460677316669395,75.45454545454545
924,924,4.049415111541748,4.588946307166438,21.875
925,925,19.97498321533203,6.656563034764833,67.27272727272727
926,926,22.02574920654297,6.166682860937359,59.46745562130178
927,927,8.03764820098877,6.970472800701015,8.148148148148149
928,928,9.004602432250977,17.178549452853158,0.0
929,929,23.184349060058594,6.378294663245454,68.33976833976834
930,930,77.65762329101562,5.8314709992698175,15.384615384615385
931,931,52.35384750366211,5.273408461298736,64.80446927374301
932,932,16.877222061157227,4.738515365546847,28.846153846153843
933,933,41.66574478149414,6.205097162235648,70.44776119402985
934,934,14.774166107177734,7.252315374050962,40.11299435028249
935,935,31.801467895507812,6.366792067267038,57.564575645756456
936,936,20.418554306030273,6.459324837114201,68.93491124260355
937,937,58.2549934387207,4.881821890423132,18.51851851851852
938,938,36.383270263671875,8.135900851751245,16.666666666666664
939,939,30.1599063873291,6.1671485318592225,59.23344947735192
940,940,33.18210983276367,5.906239446371121,73.96449704142012
941,941,24.15479850769043,6.658855729082951,68.72964169381108
942,942,21.68290138244629,5.836431657680355,72.09302325581395
943,943,39.168033599853516,5.450235821415496,82.08955223880598
944,944,23.884859085083008,6.850475661356978,70.8185053380783
945,945,9.02741813659668,8.053784726198922,58.57142857142858
946,946,3.812920570373535,6.573283924955711,21.17039586919105
947,947,24.535327911376953,6.464461230868111,75.82417582417582
948,948,30.372968673706055,4.838972064336284,74.35897435897436
949,949,11.608040809631348,6.6816688947519856,79.66573816155989
950,950,21.036924362182617,8.413483147432634,34.523809523809526
951,951,29.831192016601562,5.760280849219034,82.25352112676056
952,952,29.393590927124023,11.924759384332086,16.216216216216218
953,953,24.597137451171875,5.814135316912227,73.63013698630137
954,954,17.97333526611328,7.370979719991469,57.32217573221757
955,955,21.485084533691406,5.801192189559751,78.52348993288591
956,956,23.581439971923828,5.860923205900168,79.67032967032966
957,957,54.34971237182617,6.494759780120257,40.625
958,958,12.540145874023438,8.383089512004656,40.625
959,959,62.793052673339844,4.13035626401578,0.0
960,960,35.8562126159668,5.784881407722446,59.25925925925925
961,961,25.423898696899414,5.445499939421592,82.85714285714286
962,962,20.179880142211914,6.872209143725693,76.58959537572254
963,963,9.640135765075684,7.820593341668116,29.6875
964,964,43.657447814941406,5.509664907630905,65.78947368421053
965,965,32.716461181640625,7.025120651824414,65.15151515151516
966,966,17.952409744262695,5.453700360085691,53.57142857142857
967,967,5.685461521148682,9.122887582280697,0.0
968,968,19.03658103942871,7.586760970589192,62.01550387596899
969,969,9.369579315185547,7.456107161963066,47.85992217898833
970,970,59.949100494384766,3.9056260915540206,30.303030303030305
971,971,42.60026931762695,6.5283452466364995,50.38461538461539
972,972,12.288140296936035,5.308720923126409,59.813084112149525
973,973,8.144895553588867,5.3588161353450605,47.23618090452261
974,974,23.6433162689209,6.719229083602449,73.77521613832853
975,975,38.599735260009766,6.456330707769324,67.79661016949152
976,976,29.782817840576172,5.652029447346986,72.23880597014926
977,977,25.6024169921875,6.41307735070059,72.8643216080402
978,978,24.5987491607666,4.5573210343700605,85.79088471849866
979,979,17.761484146118164,7.704243655019792,62.295081967213115
980,980,50.80125427246094,4.314345565737388,78.0
981,981,26.4553165435791,6.21971741185701,77.17391304347827
982,982,19.985118865966797,7.013621616933633,63.1578947368421
983,983,20.956972122192383,8.10243811476926,61.53846153846154
984,984,16.8339900970459,6.792804155348191,72.78911564625851
985,985,14.23885726928711,6.806067677177305,70.84468664850137
986,986,15.858576774597168,6.243442753053466,65.93406593406593
987,987,19.380640029907227,6.783696289627351,70.24793388429752
988,988,16.89910125732422,6.73911740654323,76.85185185185185
989,989,16.262657165527344,6.4878575508991085,69.20821114369502
990,990,31.15553092956543,5.510446685665739,65.0
991,991,14.134915351867676,5.218746975538086,58.64978902953587
992,992,2.81976056098938,9.702000061127062,48.837209302325576
993,993,24.345256805419922,6.012595152529038,76.90140845070422
994,994,22.928937911987305,5.750934786725913,78.52941176470588
995,995,40.20603942871094,6.473589168875446,58.992805755395686
996,996,12.8720064163208,6.89298785644544,50.16722408026756
997,997,21.206912994384766,7.944081610483009,65.31531531531532
998,998,17.45685386657715,5.612884678079969,79.27927927927928
999,999,19.513933181762695,6.063799366046318,81.15501519756839
1000,1000,13.268327713012695,6.532725497928934,58.67507886435332
1001,1001,18.516761779785156,6.651124113203259,71.20622568093385
1002,1002,16.09684181213379,8.288160662696084,58.97435897435898
1003,1003,21.676668167114258,7.309514116331721,66.76923076923077
1004,1004,31.59307861328125,5.608833823678045,71.2166172106825
1005,1005,9.954530715942383,8.109211950745717,40.74074074074074
1006,1006,19.863567352294922,7.667030738298733,65.13761467889908
1007,1007,101.09977722167969,6.214216113152484,76.85950413223141
1008,1008,15.228727340698242,6.9958235599199705,68.13559322033899
1009,1009,31.09671974182129,5.692550831139387,82.08955223880598
1010,1010,19.657976150512695,6.400410101690481,74.39024390243902
1011,1011,26.549959182739258,6.3307207326047985,57.14285714285714
1012,1012,18.592500686645508,6.358343158396281,63.87665198237885
1013,1013,28.922565460205078,5.5754658463760345,69.13183279742765
1014,1014,94.73902130126953,6.558295213696941,62.5
1015,1015,30.512584686279297,5.347356404039509,71.26436781609196
1016,1016,25.046350479125977,6.835911768996094,65.67164179104478
1017,1017,38.78279113769531,7.435292065848442,71.36752136752136
1018,1018,36.99103546142578,5.053926768610574,73.21428571428571
1019,1019,4.141076564788818,5.4846813890005555,23.88059701492537
1020,1020,18.575071334838867,6.319260339166973,74.91525423728814
1021,1021,37.697242736816406,5.074215029060825,39.130434782608695
1022,1022,23.207422256469727,5.98679100368954,65.18518518518519
1023,1023,38.52709197998047,7.891417694989259,63.013698630136986
1024,1024,12.174468040466309,7.721735599997341,40.17857142857143
1025,1025,32.54460525512695,5.8125777735164705,65.2439024390244
1026,1026,84.69869995117188,4.774566866506169,50.0
1027,1027,11.426258087158203,5.361718917355079,3.125
1028,1028,58.20026779174805,6.368530016870139,76.41509433962264
1029,1029,34.6092414855957,6.497024229761684,65.92592592592592
1030,1030,11.1808443069458,6.545694440761423,53.44827586206896
1031,1031,37.33979034423828,6.40761743694493,67.8391959798995
1032,1032,43.122474670410156,6.029353775943529,65.2542372881356
1033,1033,21.787065505981445,9.014849673394709,52.59938837920489
1034,1034,26.82697105407715,6.799181447205047,62.612612612612615
1035,1035,28.236576080322266,6.24320522724792,71.11111111111111
1036,1036,36.150020599365234,5.9858274398515485,73.2824427480916
1037,1037,7.448724746704102,7.327954040996455,73.58490566037736
1038,1038,15.456597328186035,6.285783747574676,81.97278911564626
1039,1039,17.87705421447754,6.675953078693009,48.4251968503937
1040,1040,20.49955940246582,7.446150165773176,74.71264367816092
1041,1041,43.4033317565918,6.3236533987882915,62.5
1042,1042,16.166078567504883,6.440276010930449,62.36162361623616
1043,1043,55.64809036254883,4.97981005132051,65.78947368421053
1044,1044,54.921539306640625,5.642091078242271,59.67741935483871
1045,1045,16.918638229370117,7.690230335899909,71.875
1046,1046,22.81637191772461,6.7837064646492395,63.84180790960452
1047,1047,18.16779136657715,5.490116880091142,72.41379310344827
1048,1048,13.43197250366211,7.258637395368125,56.34920634920635
1049,1049,11.46156120300293,5.627604712823427,78.73015873015873
1050,1050,24.35466766357422,6.749604616998436,73.68421052631578
1051,1051,34.02341842651367,5.60102631036937,53.65853658536586
1052,1052,31.894073486328125,5.481772299763887,81.76795580110497
1053,1053,17.403337478637695,6.869605030081216,77.55102040816327
1054,1054,26.38749122619629,6.99089346957762,64.39024390243902
1055,1055,34.17255401611328,6.227485858292704,59.183673469387756
1056,1056,18.503469467163086,6.445347488110939,59.74842767295597
1057,1057,29.06317901611328,5.980234761839314,69.35483870967742
1058,1058,22.2834529876709,7.160509359615597,70.0
1059,1059,7.168113708496094,5.974716209991718,50.49019607843137
1060,1060,22.343313217163086,7.377835910945644,69.5364238410596
1061,1061,22.591651916503906,7.1805528565790135,70.23809523809523
1062,1062,9.597020149230957,6.775215409598438,58.2995951417004
1063,1063,71.59130859375,3.343735945467798,1.7543859649122806
1064,1064,7.896040439605713,8.184057899590975,66.36904761904762
1065,1065,20.576087951660156,6.724365292703545,73.65853658536585
1066,1066,12.193838119506836,8.002173104914307,60.0
1067,1067,33.8890266418457,6.580927946289844,76.0
1068,1068,15.663206100463867,7.269531972156084,67.68707482993197
1069,1069,10.759696006774902,7.393641973221514,58.6046511627907
1070,1070,6.857749938964844,9.06235741416395,59.4059405940594
1071,1071,70.83293151855469,5.751081622663127,65.11627906976744
1072,1072,22.949792861938477,7.925656602426065,53.48837209302325
1073,1073,19.894763946533203,7.899158962203256,63.934426229508205
1074,1074,31.451555252075195,6.752054112755131,61.73913043478261
1075,1075,16.460081100463867,6.750607427916425,81.19658119658119
1076,1076,40.40185546875,5.72111807259475,60.46511627906976
1077,1077,16.003223419189453,7.518727677852637,56.15763546798029
1078,1078,40.0860481262207,8.205590963074277,31.804281345565748
1079,1079,4.198635101318359,9.06757784708156,37.83783783783784
1080,1080,25.761898040771484,5.384919976236543,70.98765432098766
1081,1081,16.297773361206055,7.381514846099642,61.93181818181818
1082,1082,36.94923782348633,5.458468297583785,70.12987012987013
1083,1083,19.326459884643555,6.1778538454876255,65.11627906976744
1084,1084,7.371723651885986,9.520802583764567,40.0
1085,1085,19.303089141845703,7.10141887983761,58.22784810126582
1086,1086,55.93324661254883,4.998835115345738,70.4225352112676
1087,1087,14.513321876525879,5.311017616950553,86.91099476439791
1088,1088,31.90361785888672,6.53568266080889,57.7639751552795
1089,1089,18.90670394897461,6.012096973709915,70.58823529411765
1090,1090,36.58869552612305,6.207540933376752,71.56862745098039
1091,1091,15.593832969665527,7.194386850906932,61.30952380952381
1092,1092,8.94062614440918,6.531020689955998,68.0
1093,1093,12.163585662841797,7.816854930645256,50.97276264591439
1094,1094,25.07582664489746,5.085208446184362,82.82442748091603
1095,1095,16.739383697509766,6.817879622383439,64.72491909385113
1096,1096,7.740324974060059,5.2223718152274845,45.490196078431374
1097,1097,5.93839168548584,7.632561324325153,80.1775147928994
1098,1098,14.958495140075684,6.732723520091065,73.18611987381703
1099,1099,24.355920791625977,6.306496106381489,69.0
1100,1100,35.861488342285156,5.4917040940779165,71.62162162162163
1101,1101,26.026884078979492,7.037488483016737,61.58536585365854
1102,1102,11.320770263671875,7.530105543990186,77.61194029850746
1103,1103,13.322771072387695,6.561724271660238,72.84768211920529
1104,1104,16.320205688476562,6.591271741872575,80.50847457627118
1105,1105,21.408069610595703,7.806020575126112,45.911949685534594
1106,1106,24.58940315246582,6.10385430181776,74.2671009771987
1107,1107,27.554502487182617,5.189127802615878,81.94945848375451
1108,1108,12.36010456085205,10.377444962147507,31.57894736842105
1109,1109,14.543859481811523,7.305846004090717,67.98679867986799
1110,1110,20.154787063598633,6.523956361832345,45.033112582781456
1111,1111,15.88805103302002,8.163829398646493,45.58139534883721
1112,1112,37.78459548950195,5.726957345419124,69.56521739130434
1113,1113,6.179196834564209,7.557901080699085,62.06896551724138
1114,1114,19.12482261657715,7.838797541785729,65.85365853658537
1115,1115,23.834491729736328,7.834659615480187,63.26530612244898
1116,1116,5.174078941345215,7.373288684009885,34.8
1117,1117,25.87789535522461,6.536363796998239,60.0
1118,1118,181.37890625,6.00039865505431,54.54545454545454
1119,1119,15.794818878173828,7.696139835907598,68.62170087976538
1120,1120,32.86976623535156,6.9297568691843585,58.55263157894737
1121,1121,31.171920776367188,6.4183962345522145,63.745019920318725
1122,1122,27.09888458251953,6.690023943844427,82.45614035087719
1123,1123,35.05446243286133,4.314738620487835,75.32467532467533
1124,1124,16.94339942932129,6.917382134813278,72.98387096774194
1125,1125,15.151284217834473,6.400562568437181,72.23880597014926
1126,1126,83.62722778320312,6.073459044157243,66.0377358490566
1127,1127,36.87767791748047,7.560463125014282,70.54794520547945
1128,1128,37.01879119873047,6.505628935966427,66.015625
1129,1129,5.8753581047058105,7.102459457483207,74.43181818181817
1130,1130,7.128017425537109,10.354955429028069,53.84615384615385
1131,1131,29.814411163330078,4.963378988435979,65.55555555555556
1132,1132,38.66228485107422,5.467179875628397,76.62337662337663
1133,1133,19.001285552978516,7.645774098522086,64.84848484848484
1134,1134,14.426477432250977,6.46835843542234,72.9641693811075
1135,1135,30.410747528076172,5.792402627674806,73.17073170731707
1136,1136,18.534650802612305,6.526660998841069,78.125
1137,1137,50.61239242553711,5.523552811825906,71.89349112426035
1138,1138,17.6381893157959,7.117511181791304,71.71717171717171
1139,1139,6.360471725463867,5.364450823277567,3.225806451612903
1140,1140,25.7252140045166,7.034855605183475,21.132075471698116
1141,1141,18.59918212890625,6.876324103384532,60.68702290076335
1142,1142,17.050962448120117,6.354875621421096,69.1699604743083
1143,1143,56.04158401489258,5.267603458032209,68.57142857142857
1144,1144,28.317983627319336,5.583145029698283,73.29192546583852
1145,1145,33.157432556152344,5.651155416588136,74.08536585365853
1146,1146,15.930560111999512,6.584633677872193,69.32773109243698
1147,1147,26.12469482421875,6.725790677186044,57.85123966942148
1148,1148,20.019540786743164,6.522436028033367,57.47126436781609
1149,1149,74.73429870605469,5.879406361394994,70.1492537313433
1150,1150,57.7746467590332,6.617838660810785,70.4225352112676
1151,1151,32.30043411254883,6.465807165300563,69.12181303116147
1152,1152,43.153770446777344,5.8849924982130934,78.125
1153,1153,49.30605697631836,6.887024504035313,3.0303030303030303
1154,1154,33.90810012817383,5.145415071012822,73.23529411764706
1155,1155,22.125930786132812,8.308771273087297,71.1864406779661
1156,1156,40.013240814208984,5.258890771841805,72.22222222222221
1157,1157,12.85864543914795,6.005362380651875,68.93203883495146
1158,1158,27.80405044555664,8.363621223600454,17.99410029498525
1159,1159,33.413658142089844,6.000866435708637,73.77049180327869
1160,1160,13.07297134399414,7.571725715562059,60.204081632653065
1161,1161,56.90614318847656,5.595454891082313,75.0
1162,1162,45.110107421875,4.926998333854506,63.10679611650486
1163,1163,15.93730640411377,5.013295157783886,89.1139240506329
1164,1164,8.44113826751709,4.1051469518881305,57.98319327731093
1165,1165,5.056488990783691,7.33530863539453,36.55913978494624
1166,1166,142.80010986328125,5.408139069224648,72.22222222222221
1167,1167,14.153172492980957,6.156961196018961,77.72277227722772
1168,1168,19.478193283081055,6.41514813610154,44.827586206896555
1169,1169,35.37116622924805,6.178508238927237,66.66666666666666
1170,1170,15.068779945373535,8.21221732363782,65.21739130434783
1171,1171,39.00263977050781,5.871860312739581,64.2570281124498
1172,1172,22.002471923828125,7.092193829768003,65.9090909090909
1173,1173,20.89052391052246,5.592605815427262,20.77922077922078
1174,1174,12.057276725769043,7.34107560034616,70.94017094017094
1175,1175,16.82263946533203,6.030930960840266,59.909909909909906
1176,1176,19.973634719848633,6.841278198801081,73.33333333333333
1177,1177,17.132614135742188,6.010583120343997,90.0
1178,1178,14.33508014678955,6.751265117606465,69.04024767801857
1179,1179,38.23789978027344,6.606284862512188,80.0
1180,1180,34.853370666503906,6.728355461693566,70.29702970297029
1181,1181,6.073327541351318,4.403523964126992,55.76036866359447
1182,1182,64.90660095214844,5.5429140000338135,73.07692307692307
1183,1183,13.008813858032227,7.751146589534479,59.88023952095808
1184,1184,37.313350677490234,5.82222550750391,62.441314553990615
1185,1185,49.704986572265625,4.650510661511535,75.0
1186,1186,12.413640975952148,6.393337255704606,19.672131147540984
1187,1187,39.83224868774414,6.86527887560047,57.377049180327866
1188,1188,30.098833084106445,5.7915812176540244,67.2566371681416
1189,1189,50.22800827026367,4.915535684343442,60.86956521739131
1190,1190,17.10791778564453,4.8813394975563575,0.0
1191,1191,13.73582649230957,5.010522143894696,60.952380952380956
1192,1192,18.545330047607422,6.913395323260288,64.9390243902439
1193,1193,34.413421630859375,5.907486107607597,92.98245614035088
1194,1194,16.344913482666016,8.09749019851834,60.83916083916085
1195,1195,24.98865509033203,5.7172033894797805,75.38461538461539
1196,1196,12.36635684967041,6.700561698807366,67.73049645390071
1197,1197,20.500883102416992,7.004496589222688,75.54179566563467
1198,1198,27.309484481811523,5.469369300633424,79.42028985507247
1199,1199,27.060527801513672,6.661755602771525,71.56549520766772
1200,1200,34.89482879638672,5.519350104879188,77.8409090909091
1201,1201,20.254737854003906,7.073494868643994,60.74074074074074
1202,1202,38.479862213134766,5.284431047956998,81.01983002832861
1203,1203,23.194316864013672,7.043851678540294,65.95744680851064
1204,1204,21.144588470458984,6.071948443021324,67.93103448275862
1205,1205,24.10360336303711,6.848745929760204,52.84280936454849
1206,1206,17.574159622192383,6.967240717733075,66.90140845070422
1207,1207,15.021323204040527,6.2823784181063695,59.20398009950249
1208,1208,14.644336700439453,7.125379571244186,66.66666666666666
1209,1209,14.822110176086426,7.366958462830691,54.655870445344135
1210,1210,24.26010513305664,6.238134896900973,70.65868263473054
1211,1211,21.519725799560547,6.607330360907945,74.74048442906575
1212,1212,6.477558612823486,5.531728703574944,1.6260162601626018
1213,1213,37.97251892089844,6.069426699365977,67.3992673992674
1214,1214,12.148503303527832,7.351282309829442,66.08695652173913
1215,1215,23.305774688720703,6.725039195335677,72.46376811594203
1216,1216,17.959606170654297,7.684410051002543,66.19047619047619
1217,1217,32.55038833618164,6.145756064706385,64.26426426426426
1218,1218,24.328092575073242,5.2960231330153125,71.22093023255815
1219,1219,12.351099014282227,7.0140504185626655,55.700325732899024
1220,1220,26.252525329589844,4.415004931564965,65.36144578313254
1221,1221,29.997705459594727,6.915260150677783,72.17125382262996
1222,1222,12.893841743469238,7.129427915282904,70.38327526132404
1223,1223,3.420764684677124,8.204668842439707,60.913705583756354
1224,1224,27.718734741210938,7.233325033488756,57.49999999999999
1225,1225,37.8331184387207,6.082765900158369,62.857142857142854
1226,1226,18.1213436126709,6.737283658635902,71.08433734939759
1227,1227,42.28093719482422,6.891402485778228,78.85714285714286
1228,1228,11.094339370727539,7.818533228149203,61.085972850678736
1229,1229,16.98586082458496,6.381906773427566,73.58490566037736
1230,1230,22.50741195678711,5.414292199731809,69.65317919075144
1231,1231,39.509037017822266,6.320329912251089,64.2023346303502
1232,1232,27.15761947631836,6.921545119845692,60.130718954248366
1233,1233,17.505401611328125,7.114049340038695,75.59055118110236
1234,1234,45.794944763183594,6.893993247381981,68.75
1235,1235,6.694502830505371,6.4489410057700995,34.572490706319705
1236,1236,27.445852279663086,4.7320385683563595,62.390670553935855
1237,1237,38.17612075805664,5.719102244501172,72.20447284345049
1238,1238,55.13013458251953,5.416653773394221,72.28915662650603
1239,1239,23.62637710571289,8.302039186253419,50.847457627118644
1240,1240,38.736717224121094,4.8752238345922025,71.42857142857143
1241,1241,28.946992874145508,5.494710289498992,64.61538461538461
1242,1242,16.372787475585938,7.402805116857826,44.230769230769226
1243,1243,23.706912994384766,7.605903769648351,65.90038314176245
1244,1244,28.383176803588867,6.877539052002355,67.8030303030303
1245,1245,23.209745407104492,5.5514410490829995,66.1807580174927
1246,1246,11.71644401550293,7.581123200483529,70.09345794392523
1247,1247,36.80173873901367,5.584767322037792,67.51592356687898
1248,1248,35.9652214050293,8.977265246161284,21.428571428571427
1249,1249,11.754459381103516,7.947787417994089,57.291666666666664
1250,1250,7.688535213470459,7.795541451156158,0.0
1251,1251,18.5003604888916,6.227441285278383,73.78917378917379
1252,1252,10.30164909362793,7.1522742342220065,72.0
1253,1253,30.54064178466797,6.357966325547396,73.91304347826086
1254,1254,27.57892417907715,6.37663696730903,70.39473684210526
1255,1255,30.32036018371582,5.675783833589176,72.20543806646525
1256,1256,22.731224060058594,6.912230785948364,72.65625
1257,1257,23.648225784301758,6.956818991102038,70.92651757188499
1258,1258,13.783588409423828,6.811516082581944,78.68852459016394
1259,1259,28.566783905029297,5.54731945877016,73.46368715083798
1260,1260,13.92435359954834,6.758627372318318,25.862068965517242
1261,1261,22.7093448638916,5.779463184515899,61.18881118881119
1262,1262,36.01749801635742,5.378495151351925,65.0
1263,1263,10.038414001464844,8.25528363760172,60.2112676056338
1264,1264,12.642293930053711,5.946580029481959,77.8393351800554
1265,1265,35.102577209472656,5.770259261179882,73.65079365079366
1266,1266,9.130514144897461,5.54728778852428,39.57055214723926
1267,1267,43.702476501464844,5.240517591723025,68.94409937888199
1268,1268,21.314781188964844,6.729259493744125,65.94202898550725
1269,1269,21.121471405029297,6.715642638547533,77.04918032786885
1270,1270,21.332143783569336,7.095400425368783,63.589743589743584
1271,1271,21.659433364868164,8.999856670069093,21.40221402214022
1272,1272,37.363075256347656,6.813901757820501,74.28571428571429
1273,1273,21.670209884643555,6.661557130031601,74.27652733118971
1274,1274,20.527530670166016,5.460091185947972,76.40117994100295
1275,1275,29.307287216186523,6.787420671048812,74.72527472527473
1276,1276,19.987815856933594,6.1440642006099955,55.59105431309904
1277,1277,27.1126708984375,7.275154838016503,64.375
1278,1278,39.32879638671875,5.6061236267590155,81.94444444444444
1279,1279,18.425399780273438,8.06481381120502,62.65822784810127
1280,1280,24.48614501953125,7.222406040628073,60.48951048951049
1281,1281,16.374696731567383,5.809827842961844,13.043478260869565
1282,1282,22.381380081176758,6.440460674628848,71.73913043478261
1283,1283,22.450130462646484,6.36662810576145,55.55555555555556
1284,1284,18.080923080444336,6.683344671966829,34.78260869565217
1285,1285,4.025360107421875,7.832939333929954,64.02439024390245
1286,1286,17.115270614624023,8.944121226225679,53.93258426966292
1287,1287,24.787395477294922,4.080346941034301,40.476190476190474
1288,1288,11.764656066894531,6.3421757892122335,79.28176795580112
1289,1289,30.767578125,7.148558424006785,64.77272727272727
1290,1290,14.314291954040527,6.697656078777708,67.65957446808511
1291,1291,3.5573179721832275,6.027658129644344,16.38418079096045
1292,1292,2.7063729763031006,3.1569005547781686,50.0
1293,1293,15.408797264099121,7.087667270092142,63.829787234042556
1294,1294,25.934558868408203,6.706535440005533,65.91928251121077
1295,1295,9.147411346435547,7.400058457536064,75.40983606557377
1296,1296,53.88218688964844,6.217988970073526,66.25
1297,1297,21.762401580810547,5.530763014174811,25.396825396825395
1298,1298,24.58378028869629,6.566650164430653,73.20261437908496
1299,1299,21.581295013427734,6.332532253713022,74.02985074626865
1300,1300,14.851905822753906,7.692270542378793,54.43037974683544
1301,1301,24.29083824157715,4.791733611561224,61.62162162162163
1302,1302,46.08840560913086,6.60086259649872,64.34782608695652
1303,1303,41.14467239379883,6.494757248835551,63.4375
1304,1304,25.45510482788086,7.257953002112163,67.33333333333333
1305,1305,39.45614242553711,6.956947690990511,66.01941747572816
1306,1306,17.445695877075195,6.085241001826636,47.391304347826086
1307,1307,20.749441146850586,5.569834180208458,73.55371900826447
1308,1308,20.88241195678711,5.618799010241007,65.4320987654321
1309,1309,42.161170959472656,6.88435773154512,59.72222222222222
1310,1310,16.9910888671875,6.118803660635857,54.882154882154886
1311,1311,26.685523986816406,5.488079176427043,73.87387387387388
1312,1312,9.936172485351562,5.780293497342555,23.976608187134502
1313,1313,32.489036560058594,6.6907747682431875,54.74452554744526
1314,1314,14.992552757263184,6.415815405984844,59.44055944055944
1315,1315,40.309207916259766,5.383533296475403,72.26277372262774
1316,1316,15.983559608459473,6.927286979731055,58.333333333333336
1317,1317,24.02649688720703,5.918092987561128,54.3046357615894
1318,1318,35.480018615722656,5.652627144722576,74.79224376731301
1319,1319,22.780872344970703,6.296011053510677,66.66666666666666
1320,1320,5.184345245361328,4.85843374063387,54.09836065573771
1321,1321,26.387969970703125,5.670160736138357,66.40926640926641
1322,1322,25.935108184814453,6.63998034363956,76.07843137254902
1323,1323,48.32741928100586,6.28129043953085,71.38364779874213
1324,1324,21.544597625732422,7.640926611465279,64.38356164383562
1325,1325,15.896556854248047,7.558718680944585,54.71698113207547
1326,1326,17.86135482788086,6.004666733800642,69.23076923076923
1327,1327,22.151039123535156,8.285946923023443,27.692307692307693
1328,1328,11.282607078552246,6.737106848808917,68.6046511627907
1329,1329,23.496366500854492,6.3444393583491205,64.60176991150442
1330,1330,18.986459732055664,6.247280899924457,78.72340425531915
1331,1331,55.27253723144531,4.6353612334335885,64.5320197044335
1332,1332,15.065722465515137,7.607530341960975,55.2901023890785
1333,1333,36.36900329589844,7.399513503688216,68.75
1334,1334,81.76580810546875,5.784533169648737,66.01941747572816
1335,1335,24.190149307250977,7.345392704167518,73.86018237082067
1336,1336,15.595436096191406,6.968723579482982,69.84615384615384
1337,1337,14.92888069152832,6.512733163623249,70.32967032967034
1338,1338,41.37699890136719,7.787555052872446,16.94915254237288
1339,1339,56.52000045776367,5.552467837868581,79.38144329896907
1340,1340,37.63417434692383,4.240117900174755,79.3296089385475
1341,1341,35.810489654541016,5.99070658193236,70.35928143712576
1342,1342,18.30897331237793,6.41223587539036,72.61904761904762
1343,1343,39.39167022705078,4.762521964307901,61.94690265486725
1344,1344,48.25105285644531,5.668796685229603,60.71428571428571
1345,1345,4.880717754364014,5.1932373595365835,41.10169491525424
1346,1346,18.993703842163086,5.921971191420562,71.2
1347,1347,14.056021690368652,6.792614355412717,46.666666666666664
1348,1348,16.218299865722656,5.799912493982816,67.49116607773851
1349,1349,19.160261154174805,7.083180624368846,69.28104575163398
1350,1350,25.013338088989258,5.411162104097257,63.1578947368421
1351,1351,15.852819442749023,6.667245197263199,72.94117647058823
1352,1352,24.958784103393555,6.168554363050703,71.68141592920354
1353,1353,3.693030834197998,9.926161822475075,47.61904761904761
1354,1354,17.430038452148438,5.900654631774533,78.10650887573965
1355,1355,17.602779388427734,6.190851105551105,79.94350282485875
1356,1356,14.067923545837402,7.135032732498731,72.70114942528735
1357,1357,5.4731764793396,6.6799823961990334,11.39240506329114
1358,1358,96.4413833618164,6.9143493700623,42.10526315789473
1359,1359,51.204917907714844,5.433816215727739,77.01149425287356
1360,1360,6.572178840637207,5.2413103850890845,15.602836879432624
1361,1361,26.924835205078125,7.511922996146203,65.66666666666666
1362,1362,9.136210441589355,7.646326679365219,45.982142857142854
1363,1363,15.00622844696045,7.1876159102546655,78.22349570200574
1364,1364,13.051483154296875,7.644412841821025,51.681957186544345
1365,1365,49.15753936767578,5.2093402846487775,75.88652482269504
1366,1366,50.40121841430664,5.954644719928995,75.23809523809524
1367,1367,12.586316108703613,6.466532199218743,75.60975609756098
1368,1368,24.395719528198242,6.512919330991698,64.70588235294117
1369,1369,17.820749282836914,6.979563226150309,55.23465703971119
1370,1370,20.821605682373047,6.237732723604062,79.17888563049853
1371,1371,33.50836944580078,6.3981589697962615,75.71884984025559
1372,1372,8.678366661071777,8.587966594104099,68.57142857142857
1373,1373,18.24889373779297,6.626936754929193,76.02523659305994
1374,1374,25.896854400634766,5.573345867188949,64.75095785440614
1375,1375,13.443609237670898,6.024551530728359,74.27652733118971
1376,1376,27.395645141601562,6.628663921181838,74.17417417417418
1377,1377,4.730533599853516,5.1193417825469005,36.5
1378,1378,22.29533576965332,6.859166314746303,80.4945054945055
1379,1379,28.574378967285156,4.966274316247324,8.695652173913043
1380,1380,5.9290032386779785,7.242363647142681,15.10204081632653
1381,1381,10.129426956176758,7.163762765261115,0.0
1382,1382,16.225671768188477,6.489678261510495,76.47058823529412
1383,1383,30.337194442749023,5.086089471569775,65.15151515151516
1384,1384,15.089613914489746,6.958207262084746,72.39263803680981
1385,1385,28.459930419921875,5.570494973676947,34.84848484848485
1386,1386,17.785879135131836,8.260242175998611,61.21495327102804
1387,1387,4.968749046325684,5.354699937621013,37.83783783783784
1388,1388,22.719303131103516,5.958585136257067,69.6048632218845
1389,1389,34.07463455200195,6.528146002971304,52.23880597014925
1390,1390,52.658748626708984,5.933131510539613,71.42857142857143
1391,1391,16.27527618408203,7.60537889974411,59.09090909090909
1392,1392,20.400850296020508,7.254466434088514,67.38351254480287
1393,1393,5.313662052154541,4.431740573359693,25.71428571428571
1394,1394,31.23377227783203,5.276069674623146,79.60339943342775
1395,1395,5.774354934692383,8.206559863689904,47.61904761904761
1396,1396,17.274105072021484,6.19752606597065,72.72727272727273
1397,1397,3.5173213481903076,6.172456131218815,44.37984496124031
1398,1398,11.196097373962402,7.543030697004488,53.90625
1399,1399,10.606425285339355,5.247699647386944,57.668711656441715
1400,1400,29.093717575073242,6.01488974670095,75.15723270440252
1401,1401,27.908187866210938,6.299117434682773,56.481481481481474
1402,1402,9.382983207702637,6.571915572349943,44.44444444444444
1403,1403,22.177186965942383,6.879198354578528,61.694915254237294
1404,1404,39.02277755737305,5.852403010261432,63.55421686746988
1405,1405,20.745929718017578,5.643543635244702,76.88442211055276
1406,1406,30.326007843017578,5.258052069212136,81.77339901477832
1407,1407,37.645904541015625,5.8143036098810645,74.64788732394366
1408,1408,14.509211540222168,6.53467862846805,72.99703264094956
1409,1409,14.468987464904785,9.024423593168772,31.195335276967928
1410,1410,12.105774879455566,6.685658808287595,76.56765676567657
1411,1411,17.55908966064453,7.015617766711418,55.36332179930796
1412,1412,22.563169479370117,4.839232473910514,70.65527065527066
1413,1413,9.161423683166504,6.842967296021055,45.97156398104265
1414,1414,23.670011520385742,5.692976719721334,75.27173913043478
1415,1415,46.829654693603516,4.956958276554667,89.04109589041096
1416,1416,49.83109664916992,7.283449093930157,72.46376811594203
1417,1417,17.10700035095215,6.895470113245569,58.620689655172406
1418,1418,56.157840728759766,4.386263842191803,17.647058823529413
1419,1419,2.3593339920043945,4.2826469455062055,25.69832402234637
1420,1420,11.820868492126465,7.1653182655834415,77.95527156549521
1421,1421,50.29467010498047,5.839805626613494,83.55437665782493
1422,1422,13.51865291595459,6.897325383105689,46.236559139784944
1423,1423,18.073204040527344,6.353918658816242,57.94701986754966
1424,1424,28.957050323486328,5.990773184560151,72.52252252252252
1425,1425,14.627541542053223,6.71316056039397,50.798722044728436
1426,1426,22.57332420349121,5.564633568348326,56.060606060606055
1427,1427,59.87239456176758,8.904876569276981,23.076923076923077
1428,1428,19.809242248535156,5.752488972541773,81.17283950617285
1429,1429,40.826416015625,6.820417327992689,54.7486033519553
1430,1430,19.41550636291504,6.112660029970893,76.66666666666667
1431,1431,63.01567459106445,7.212373043542323,55.172413793103445
1432,1432,33.799766540527344,6.242862369527147,53.95189003436426
1433,1433,8.276220321655273,5.61714558867932,49.37759336099585
1434,1434,9.387192726135254,7.420428792110855,76.4179104477612
1435,1435,19.785518646240234,7.449426377549081,63.859649122807014
1436,1436,4.0727410316467285,6.006320578654429,0.0
1437,1437,34.92530822753906,4.455856570421159,72.1311475409836
1438,1438,20.860204696655273,7.402650889610408,54.929577464788736
1439,1439,48.8749885559082,4.762761403796558,75.96153846153845
1440,1440,25.049253463745117,6.615717709653979,56.774193548387096
1441,1441,19.5588436126709,7.121664462270071,58.46153846153847
1442,1442,8.50492000579834,7.277965328045032,19.696969696969695
1443,1443,63.24834442138672,6.086347972307408,65.0485436893204
1444,1444,12.210208892822266,7.803685465813568,42.281879194630875
1445,1445,25.24847984313965,5.991110301224028,72.65625
1446,1446,17.153032302856445,7.081528210694161,59.84848484848485
1447,1447,19.59535789489746,7.793490479347792,69.25675675675676
1448,1448,21.8133602142334,5.899932759326213,65.51724137931035
1449,1449,20.345443725585938,7.112267788388302,68.42105263157895
1450,1450,34.3244514465332,6.193202338030825,62.980769230769226
1451,1451,13.942983627319336,6.89703140844971,69.38775510204081
1452,1452,5.743785858154297,7.634067167532473,65.13761467889908
1453,1453,13.94469165802002,5.649041632458564,76.74418604651163
1454,1454,23.43462562561035,5.790463016724612,78.93333333333334
1455,1455,18.728561401367188,6.73753733361845,75.97402597402598
1456,1456,5.683654308319092,6.479286974077863,10.884353741496598
1457,1457,89.5044174194336,5.04796660669868,76.10062893081762
1458,1458,16.48357391357422,7.912365255131824,59.38697318007663
1459,1459,37.702392578125,6.176908878734432,69.6774193548387
1460,1460,29.199190139770508,5.743869803334235,84.56375838926175
1461,1461,61.925479888916016,5.051145132900179,79.76190476190477
1462,1462,13.835681915283203,6.296662315791957,70.08310249307479
1463,1463,3.185326099395752,5.91231988528772,12.121212121212121
1464,1464,23.16533088684082,5.70529544915621,75.27472527472527
1465,1465,55.67996597290039,5.016309221428947,70.58823529411765
1466,1466,30.272563934326172,6.5155218521835,70.24793388429752
1467,1467,12.329357147216797,7.365537737222161,65.56291390728477
1468,1468,16.807235717773438,6.907981763631154,65.49019607843137
1469,1469,31.77345085144043,6.058406940131399,69.89247311827957
1470,1470,29.853782653808594,7.87242991569875,63.38028169014085
1471,1471,21.284910202026367,6.396545212831884,73.84615384615385
1472,1472,18.118366241455078,6.241176736909365,80.466472303207
1473,1473,36.82236099243164,7.379610033459027,68.42105263157895
1474,1474,38.39472579956055,6.346685572280167,62.213740458015266
1475,1475,4.166599273681641,7.015042832885982,71.29337539432177
1476,1476,26.30780029296875,5.487926163976118,82.88770053475936
1477,1477,26.781028747558594,5.61378285788731,80.72916666666666
1478,1478,7.749626159667969,5.801523492021678,66.30727762803235
1479,1479,17.86530303955078,6.685363789253079,75.0778816199377
1480,1480,2.6612443923950195,4.586062180548696,0.0
1481,1481,57.32881164550781,7.2514688485108145,68.75
1482,1482,27.091541290283203,7.234023300433417,70.86614173228347
1483,1483,25.448854446411133,4.772170652678795,81.04395604395604
1484,1484,32.40352249145508,6.1091230045691844,74.9271137026239
1485,1485,2.8103394508361816,6.677595838925714,17.75147928994083
1486,1486,35.394474029541016,5.311473388144304,76.50429799426934
1487,1487,32.96875,6.027807172520341,85.15901060070671
1488,1488,7.879331588745117,7.18593700096526,38.059701492537314
1489,1489,32.160888671875,5.237994246215719,77.52808988764045
1490,1490,177.4023895263672,6.27640263026788,66.66666666666666
1491,1491,18.698387145996094,7.464477400434223,72.55520504731862
1492,1492,5.48495626449585,4.0868813656742375,3.3333333333333335
1493,1493,11.732961654663086,7.961223226981496,61.53846153846154
1494,1494,18.042808532714844,6.570694688031302,72.52124645892351
1495,1495,25.37836265563965,6.139431410508646,70.96774193548387
1496,1496,52.50545120239258,5.718222024943204,72.64957264957265
1497,1497,65.47992706298828,5.9954144493729125,70.32640949554896
1498,1498,9.416572570800781,5.660996610573553,33.84615384615385
1499,1499,18.662599563598633,6.074958823061681,74.41176470588235
1500,1500,13.980605125427246,6.879495258474869,62.53968253968254
